month,team_id,target_revenue
2025-01-01,T-STRMET,100673.30
2025-01-01,T-ENC,51706.83
2025-01-01,T-HWFAB,221854.55
2025-01-01,T-KEY,52640.36
2025-02-01,T-STRMET,98155.77
2025-02-01,T-ENC,51921.79
2025-02-01,T-HWFAB,223053.35
2025-02-01,T-KEY,51401.85
2025-03-01,T-STRMET,101526.87
2025-03-01,T-ENC,54206.57
2025-03-01,T-HWFAB,225065.59
2025-03-01,T-KEY,54296.61
2025-04-01,T-STRMET,103762.72
2025-04-01,T-ENC,53786.09
2025-04-01,T-HWFAB,225645.16
2025-04-01,T-KEY,53786.30
2025-05-01,T-STRMET,99447.19
2025-05-01,T-ENC,52914.25
2025-05-01,T-HWFAB,233107.97
2025-05-01,T-KEY,52886.23
2025-06-01,T-STRMET,104048.85
2025-06-01,T-ENC,55757.22
2025-06-01,T-HWFAB,232835.44
2025-06-01,T-KEY,53135.07
2025-07-01,T-STRMET,102435.04
2025-07-01,T-ENC,54873.98
2025-07-01,T-HWFAB,236602.28
2025-07-01,T-KEY,55088.01
2025-08-01,T-STRMET,107823.79
2025-08-01,T-ENC,54773.08
2025-08-01,T-HWFAB,243900.27
2025-08-01,T-KEY,55870.54
2025-09-01,T-STRMET,108561.91
2025-09-01,T-ENC,54829.77
2025-09-01,T-HWFAB,244253.12
2025-09-01,T-KEY,54912.73
2025-10-01,T-STRMET,108959.92
2025-10-01,T-ENC,58117.58
2025-10-01,T-HWFAB,249701.59
2025-10-01,T-KEY,57144.63
2025-11-01,T-STRMET,109443.18
2025-11-01,T-ENC,58335.26
2025-11-01,T-HWFAB,255129.33
2025-11-01,T-KEY,56152.21
2025-12-01,T-STRMET,109387.09
2025-12-01,T-ENC,56547.27
2025-12-01,T-HWFAB,245217.30
2025-12-01,T-KEY,56701.41
2026-01-01,T-STRMET,110725.28
2026-01-01,T-ENC,57565.24
2026-01-01,T-HWFAB,246176.42
2026-01-01,T-KEY,59637.32
2026-02-01,T-STRMET,109010.69
2026-02-01,T-ENC,57592.01
2026-02-01,T-HWFAB,254287.25
2026-02-01,T-KEY,58238.20
2026-03-01,T-STRMET,112573.90
2026-03-01,T-ENC,59877.60
2026-03-01,T-HWFAB,264304.10
2026-03-01,T-KEY,58423.55
2026-04-01,T-STRMET,112341.59
2026-04-01,T-ENC,61650.09
2026-04-01,T-HWFAB,268957.18
2026-04-01,T-KEY,60475.03
2026-05-01,T-STRMET,113708.75
2026-05-01,T-ENC,61627.00
2026-05-01,T-HWFAB,256486.87
2026-05-01,T-KEY,59497.43
2026-06-01,T-STRMET,118263.19
2026-06-01,T-ENC,60040.16
2026-06-01,T-HWFAB,270258.54
2026-06-01,T-KEY,60388.94
2026-07-01,T-STRMET,114939.90
2026-07-01,T-ENC,62129.26
2026-07-01,T-HWFAB,263925.01
2026-07-01,T-KEY,62019.86
2026-08-01,T-STRMET,117558.16
2026-08-01,T-ENC,61358.19
2026-08-01,T-HWFAB,264395.18
2026-08-01,T-KEY,64221.06
2026-09-01,T-STRMET,122042.15
2026-09-01,T-ENC,61634.21
2026-09-01,T-HWFAB,271028.66
2026-09-01,T-KEY,65259.34
