note_id,patient_id,encounter_id,note_date,note_type,provider,note_text
SYN-N-00001,SYN-P-00242,SYN-E-000009,2024-01-03,Consult Note,Provider SYN-51,"SYNTHETIC TRAINING NOTE (Consult Note) for analytics practice in Cardiology. This record is fictional, generated for a data engineering workshop. Status recorded as ""complete"" for training purposes only."
SYN-N-00002,SYN-P-00038,SYN-E-000022,2024-01-11,Progress Note,Provider SYN-03,"SYNTHETIC TRAINING NOTE (Progress Note) for analytics practice in Internal Medicine.\nThis record is fictional, generated for a data engineering workshop.\nFollow-up scheduling, documentation completeness, and coding status were reviewed."
SYN-N-00003,SYN-P-00038,SYN-E-000022,2024-01-11,Progress Note,Provider SYN-14,"SYNTHETIC TRAINING NOTE (Progress Note) for analytics practice in Internal Medicine. Status recorded as ""complete"" for training purposes only. Workflow steps ""intake, review, handoff"" were documented, with no clinical guidance implied."
SYN-N-00004,SYN-P-00106,SYN-E-000062,2024-02-06,Consult Note,Provider SYN-55,"SYNTHETIC TRAINING NOTE (Consult Note) for analytics practice in Cardiology. Status recorded as ""complete"" for training purposes only. Follow-up scheduling, documentation completeness, and coding status were reviewed."
SYN-N-00005,SYN-P-00082,SYN-E-000066,2024-02-08,Progress Note,Provider SYN-07,"SYNTHETIC TRAINING NOTE (Progress Note) for analytics practice in Orthopedics. Workflow steps ""intake, review, handoff"" were documented, with no clinical guidance implied. Follow-up scheduling, documentation completeness, and coding status were reviewed."
SYN-N-00006,SYN-P-00298,SYN-E-000085,2024-02-20,Progress Note,Provider SYN-37,"SYNTHETIC TRAINING NOTE (Progress Note) for analytics practice in Pulmonology. Status recorded as ""complete"" for training purposes only. This record is fictional, generated for a data engineering workshop."
SYN-N-00007,SYN-P-00288,SYN-E-000094,2024-03-07,Discharge Summary,Provider SYN-31,"SYNTHETIC TRAINING NOTE (Discharge Summary) for analytics practice in Cardiology. This record is fictional, generated for a data engineering workshop. Workflow steps ""intake, review, handoff"" were documented, with no clinical guidance implied."
SYN-N-00008,SYN-P-00165,SYN-E-000119,2024-03-14,ED Note,Provider SYN-14,"SYNTHETIC TRAINING NOTE (ED Note) for analytics practice in Emergency.\nWorkflow steps ""intake, review, handoff"" were documented, with no clinical guidance implied.\nThis record is fictional, generated for a data engineering workshop."
SYN-N-00009,SYN-P-00240,SYN-E-000120,2024-03-20,Discharge Summary,Provider SYN-59,"SYNTHETIC TRAINING NOTE (Discharge Summary) for analytics practice in Internal Medicine. Follow-up scheduling, documentation completeness, and coding status were reviewed. This record is fictional, generated for a data engineering workshop."
SYN-N-00010,SYN-P-00030,SYN-E-000134,2024-03-22,Consult Note,Provider SYN-43,"SYNTHETIC TRAINING NOTE (Consult Note) for analytics practice in Internal Medicine.\nStatus recorded as ""complete"" for training purposes only.\nWorkflow steps ""intake, review, handoff"" were documented, with no clinical guidance implied."
SYN-N-00011,SYN-P-00216,SYN-E-000143,2024-04-14,Discharge Summary,Provider SYN-04,"SYNTHETIC TRAINING NOTE (Discharge Summary) for analytics practice in Orthopedics.\nThis record is fictional, generated for a data engineering workshop.\nFollow-up scheduling, documentation completeness, and coding status were reviewed."
SYN-N-00012,SYN-P-00216,SYN-E-000143,2024-04-14,Discharge Summary,Provider SYN-41,"SYNTHETIC TRAINING NOTE (Discharge Summary) for analytics practice in Orthopedics. Status recorded as ""complete"" for training purposes only. Follow-up scheduling, documentation completeness, and coding status were reviewed."
SYN-N-00013,SYN-P-00290,SYN-E-000148,2024-04-05,ED Note,Provider SYN-45,"SYNTHETIC TRAINING NOTE (ED Note) for analytics practice in Emergency. Follow-up scheduling, documentation completeness, and coding status were reviewed. Status recorded as ""complete"" for training purposes only."
SYN-N-00014,SYN-P-00031,SYN-E-000149,2024-04-05,ED Note,Provider SYN-51,"SYNTHETIC TRAINING NOTE (ED Note) for analytics practice in Emergency. Follow-up scheduling, documentation completeness, and coding status were reviewed. Workflow steps ""intake, review, handoff"" were documented, with no clinical guidance implied."
SYN-N-00015,SYN-P-00264,SYN-E-000163,2024-04-14,Progress Note,Provider SYN-20,"SYNTHETIC TRAINING NOTE (Progress Note) for analytics practice in Cardiology. Status recorded as ""complete"" for training purposes only. This record is fictional, generated for a data engineering workshop."
SYN-N-00016,SYN-P-00042,SYN-E-000195,2024-05-04,Discharge Summary,Provider SYN-31,"SYNTHETIC TRAINING NOTE (Discharge Summary) for analytics practice in Pulmonology. This record is fictional, generated for a data engineering workshop. Status recorded as ""complete"" for training purposes only."
SYN-N-00017,SYN-P-00152,SYN-E-000197,2024-05-03,ED Note,Provider SYN-01,"SYNTHETIC TRAINING NOTE (ED Note) for analytics practice in Emergency. Follow-up scheduling, documentation completeness, and coding status were reviewed. This record is fictional, generated for a data engineering workshop."
SYN-N-00018,SYN-P-00136,SYN-E-000236,2024-05-23,Progress Note,Provider SYN-47,"SYNTHETIC TRAINING NOTE (Progress Note) for analytics practice in Orthopedics. Workflow steps ""intake, review, handoff"" were documented, with no clinical guidance implied. This record is fictional, generated for a data engineering workshop."
SYN-N-00019,SYN-P-00162,SYN-E-000237,2024-05-23,Progress Note,Provider SYN-27,"SYNTHETIC TRAINING NOTE (Progress Note) for analytics practice in Cardiology. Follow-up scheduling, documentation completeness, and coding status were reviewed. Status recorded as ""complete"" for training purposes only."
SYN-N-00020,SYN-P-00185,SYN-E-000250,2024-05-28,Progress Note,Provider SYN-40,"SYNTHETIC TRAINING NOTE (Progress Note) for analytics practice in Cardiology.\nThis record is fictional, generated for a data engineering workshop.\nStatus recorded as ""complete"" for training purposes only."
SYN-N-00021,SYN-P-00005,SYN-E-000258,2024-06-02,Consult Note,Provider SYN-19,"SYNTHETIC TRAINING NOTE (Consult Note) for analytics practice in Cardiology. Workflow steps ""intake, review, handoff"" were documented, with no clinical guidance implied. Status recorded as ""complete"" for training purposes only."
SYN-N-00022,SYN-P-00005,SYN-E-000258,2024-06-02,Consult Note,Provider SYN-40,"SYNTHETIC TRAINING NOTE (Consult Note) for analytics practice in Cardiology. Follow-up scheduling, documentation completeness, and coding status were reviewed. This record is fictional, generated for a data engineering workshop."
SYN-N-00023,SYN-P-00137,SYN-E-000263,2024-06-03,Consult Note,Provider SYN-55,"SYNTHETIC TRAINING NOTE (Consult Note) for analytics practice in Internal Medicine.\nWorkflow steps ""intake, review, handoff"" were documented, with no clinical guidance implied.\nThis record is fictional, generated for a data engineering workshop."
SYN-N-00024,SYN-P-00001,SYN-E-000264,2024-06-03,Progress Note,Provider SYN-53,"SYNTHETIC TRAINING NOTE (Progress Note) for analytics practice in Neurology.\nWorkflow steps ""intake, review, handoff"" were documented, with no clinical guidance implied.\nThis record is fictional, generated for a data engineering workshop."
SYN-N-00025,SYN-P-00021,SYN-E-000268,2024-06-05,ED Note,Provider SYN-05,"SYNTHETIC TRAINING NOTE (ED Note) for analytics practice in Emergency. This record is fictional, generated for a data engineering workshop. Workflow steps ""intake, review, handoff"" were documented, with no clinical guidance implied."
SYN-N-00026,SYN-P-00021,SYN-E-000268,2024-06-05,ED Note,Provider SYN-13,"SYNTHETIC TRAINING NOTE (ED Note) for analytics practice in Emergency.\nStatus recorded as ""complete"" for training purposes only.\nWorkflow steps ""intake, review, handoff"" were documented, with no clinical guidance implied."
SYN-N-00027,SYN-P-00158,SYN-E-000283,2024-06-12,Progress Note,Provider SYN-03,"SYNTHETIC TRAINING NOTE (Progress Note) for analytics practice in Nephrology. Follow-up scheduling, documentation completeness, and coding status were reviewed. Workflow steps ""intake, review, handoff"" were documented, with no clinical guidance implied."
SYN-N-00028,SYN-P-00041,SYN-E-000324,2024-07-02,Progress Note,Provider SYN-35,"SYNTHETIC TRAINING NOTE (Progress Note) for analytics practice in Neurology. Workflow steps ""intake, review, handoff"" were documented, with no clinical guidance implied. This record is fictional, generated for a data engineering workshop."
SYN-N-00029,SYN-P-00051,SYN-E-000333,2024-07-05,Progress Note,Provider SYN-04,"SYNTHETIC TRAINING NOTE (Progress Note) for analytics practice in Internal Medicine. Workflow steps ""intake, review, handoff"" were documented, with no clinical guidance implied. This record is fictional, generated for a data engineering workshop."
SYN-N-00030,SYN-P-00220,SYN-E-000335,2024-07-06,Progress Note,Provider SYN-29,"SYNTHETIC TRAINING NOTE (Progress Note) for analytics practice in Neurology. Status recorded as ""complete"" for training purposes only. Workflow steps ""intake, review, handoff"" were documented, with no clinical guidance implied."
SYN-N-00031,SYN-P-00215,SYN-E-000344,2024-07-08,ED Note,Provider SYN-22,"SYNTHETIC TRAINING NOTE (ED Note) for analytics practice in Emergency.\nThis record is fictional, generated for a data engineering workshop.\nStatus recorded as ""complete"" for training purposes only."
SYN-N-00032,SYN-P-00276,SYN-E-000350,2024-07-12,Consult Note,Provider SYN-50,"SYNTHETIC TRAINING NOTE (Consult Note) for analytics practice in Pulmonology. Follow-up scheduling, documentation completeness, and coding status were reviewed. This record is fictional, generated for a data engineering workshop."
SYN-N-00033,SYN-P-00261,SYN-E-000354,2024-07-13,ED Note,Provider SYN-24,"SYNTHETIC TRAINING NOTE (ED Note) for analytics practice in Emergency.\nFollow-up scheduling, documentation completeness, and coding status were reviewed.\nThis record is fictional, generated for a data engineering workshop."
SYN-N-00034,SYN-P-00261,SYN-E-000354,2024-07-13,ED Note,Provider SYN-44,"SYNTHETIC TRAINING NOTE (ED Note) for analytics practice in Emergency. This record is fictional, generated for a data engineering workshop. Status recorded as ""complete"" for training purposes only."
SYN-N-00035,SYN-P-00043,SYN-E-000373,2024-07-21,Progress Note,Provider SYN-33,"SYNTHETIC TRAINING NOTE (Progress Note) for analytics practice in Neurology.\nWorkflow steps ""intake, review, handoff"" were documented, with no clinical guidance implied.\nThis record is fictional, generated for a data engineering workshop."
SYN-N-00036,SYN-P-00027,SYN-E-000375,2024-07-25,Discharge Summary,Provider SYN-24,"SYNTHETIC TRAINING NOTE (Discharge Summary) for analytics practice in Pulmonology.\nStatus recorded as ""complete"" for training purposes only.\nWorkflow steps ""intake, review, handoff"" were documented, with no clinical guidance implied."
SYN-N-00037,SYN-P-00110,SYN-E-000398,2024-08-03,ED Note,Provider SYN-13,"SYNTHETIC TRAINING NOTE (ED Note) for analytics practice in Emergency. Follow-up scheduling, documentation completeness, and coding status were reviewed. Workflow steps ""intake, review, handoff"" were documented, with no clinical guidance implied."
SYN-N-00038,SYN-P-00156,SYN-E-000404,2024-08-06,Consult Note,Provider SYN-24,"SYNTHETIC TRAINING NOTE (Consult Note) for analytics practice in Orthopedics. This record is fictional, generated for a data engineering workshop. Workflow steps ""intake, review, handoff"" were documented, with no clinical guidance implied."
SYN-N-00039,SYN-P-00122,SYN-E-000407,2024-08-07,Progress Note,Provider SYN-08,"SYNTHETIC TRAINING NOTE (Progress Note) for analytics practice in Cardiology. Follow-up scheduling, documentation completeness, and coding status were reviewed. Status recorded as ""complete"" for training purposes only."
SYN-N-00040,SYN-P-00274,SYN-E-000409,2024-08-08,ED Note,Provider SYN-48,"SYNTHETIC TRAINING NOTE (ED Note) for analytics practice in Emergency.\nWorkflow steps ""intake, review, handoff"" were documented, with no clinical guidance implied.\nThis record is fictional, generated for a data engineering workshop."
SYN-N-00041,SYN-P-00188,SYN-E-000441,2024-08-21,Progress Note,Provider SYN-06,"SYNTHETIC TRAINING NOTE (Progress Note) for analytics practice in Nephrology. Workflow steps ""intake, review, handoff"" were documented, with no clinical guidance implied. This record is fictional, generated for a data engineering workshop."
SYN-N-00042,SYN-P-00186,SYN-E-000446,2024-08-23,Progress Note,Provider SYN-09,"SYNTHETIC TRAINING NOTE (Progress Note) for analytics practice in Internal Medicine.\nThis record is fictional, generated for a data engineering workshop.\nStatus recorded as ""complete"" for training purposes only."
SYN-N-00043,SYN-P-00041,SYN-E-000453,2024-09-03,Discharge Summary,Provider SYN-23,"SYNTHETIC TRAINING NOTE (Discharge Summary) for analytics practice in Internal Medicine.\nStatus recorded as ""complete"" for training purposes only.\nFollow-up scheduling, documentation completeness, and coding status were reviewed."
SYN-N-00044,SYN-P-00213,SYN-E-000455,2024-08-29,Progress Note,Provider SYN-20,"SYNTHETIC TRAINING NOTE (Progress Note) for analytics practice in Cardiology. This record is fictional, generated for a data engineering workshop. Status recorded as ""complete"" for training purposes only."
SYN-N-00045,SYN-P-00136,SYN-E-000464,2024-08-31,ED Note,Provider SYN-55,"SYNTHETIC TRAINING NOTE (ED Note) for analytics practice in Emergency. This record is fictional, generated for a data engineering workshop. Workflow steps ""intake, review, handoff"" were documented, with no clinical guidance implied."
SYN-N-00046,SYN-P-00044,SYN-E-000475,2024-09-06,ED Note,Provider SYN-05,"SYNTHETIC TRAINING NOTE (ED Note) for analytics practice in Emergency. Status recorded as ""complete"" for training purposes only. Workflow steps ""intake, review, handoff"" were documented, with no clinical guidance implied."
SYN-N-00047,SYN-P-00221,SYN-E-000504,2024-09-19,Progress Note,Provider SYN-13,"SYNTHETIC TRAINING NOTE (Progress Note) for analytics practice in Cardiology.\nFollow-up scheduling, documentation completeness, and coding status were reviewed.\nStatus recorded as ""complete"" for training purposes only."
SYN-N-00048,SYN-P-00185,SYN-E-000512,2024-09-23,Progress Note,Provider SYN-58,"SYNTHETIC TRAINING NOTE (Progress Note) for analytics practice in Internal Medicine. This record is fictional, generated for a data engineering workshop. Workflow steps ""intake, review, handoff"" were documented, with no clinical guidance implied."
SYN-N-00049,SYN-P-00236,SYN-E-000521,2024-10-01,Discharge Summary,Provider SYN-17,"SYNTHETIC TRAINING NOTE (Discharge Summary) for analytics practice in Pulmonology. Workflow steps ""intake, review, handoff"" were documented, with no clinical guidance implied. This record is fictional, generated for a data engineering workshop."
SYN-N-00050,SYN-P-00244,SYN-E-000526,2024-09-29,ED Note,Provider SYN-23,"SYNTHETIC TRAINING NOTE (ED Note) for analytics practice in Emergency.\nFollow-up scheduling, documentation completeness, and coding status were reviewed.\nWorkflow steps ""intake, review, handoff"" were documented, with no clinical guidance implied."
SYN-N-00051,SYN-P-00058,SYN-E-000539,2024-10-04,ED Note,Provider SYN-23,"SYNTHETIC TRAINING NOTE (ED Note) for analytics practice in Emergency.\nFollow-up scheduling, documentation completeness, and coding status were reviewed.\nStatus recorded as ""complete"" for training purposes only."
SYN-N-00052,SYN-P-00241,SYN-E-000540,2024-10-07,Discharge Summary,Provider SYN-25,"SYNTHETIC TRAINING NOTE (Discharge Summary) for analytics practice in Neurology. Status recorded as ""complete"" for training purposes only. This record is fictional, generated for a data engineering workshop."
SYN-N-00053,SYN-P-00230,SYN-E-000557,2024-10-08,ED Note,Provider SYN-22,"SYNTHETIC TRAINING NOTE (ED Note) for analytics practice in Emergency. Follow-up scheduling, documentation completeness, and coding status were reviewed. Status recorded as ""complete"" for training purposes only."
SYN-N-00054,SYN-P-00111,SYN-E-000565,2024-10-12,ED Note,Provider SYN-05,"SYNTHETIC TRAINING NOTE (ED Note) for analytics practice in Emergency. This record is fictional, generated for a data engineering workshop. Follow-up scheduling, documentation completeness, and coding status were reviewed."
SYN-N-00055,SYN-P-00004,SYN-E-000569,2024-10-13,Consult Note,Provider SYN-49,"SYNTHETIC TRAINING NOTE (Consult Note) for analytics practice in Neurology.\nWorkflow steps ""intake, review, handoff"" were documented, with no clinical guidance implied.\nThis record is fictional, generated for a data engineering workshop."
SYN-N-00056,SYN-P-00004,SYN-E-000569,2024-10-13,Progress Note,Provider SYN-45,"SYNTHETIC TRAINING NOTE (Progress Note) for analytics practice in Neurology.\nThis record is fictional, generated for a data engineering workshop.\nFollow-up scheduling, documentation completeness, and coding status were reviewed."
SYN-N-00057,SYN-P-00068,SYN-E-000571,2024-10-14,ED Note,Provider SYN-43,"SYNTHETIC TRAINING NOTE (ED Note) for analytics practice in Emergency. Workflow steps ""intake, review, handoff"" were documented, with no clinical guidance implied. Status recorded as ""complete"" for training purposes only."
SYN-N-00058,SYN-P-00024,SYN-E-000573,2024-10-14,Progress Note,Provider SYN-39,"SYNTHETIC TRAINING NOTE (Progress Note) for analytics practice in Neurology.\nThis record is fictional, generated for a data engineering workshop.\nStatus recorded as ""complete"" for training purposes only."
SYN-N-00059,SYN-P-00254,SYN-E-000574,2024-10-15,Progress Note,Provider SYN-57,"SYNTHETIC TRAINING NOTE (Progress Note) for analytics practice in Nephrology. Workflow steps ""intake, review, handoff"" were documented, with no clinical guidance implied. Follow-up scheduling, documentation completeness, and coding status were reviewed."
SYN-N-00060,SYN-P-00254,SYN-E-000574,2024-10-17,Discharge Summary,Provider SYN-19,"SYNTHETIC TRAINING NOTE (Discharge Summary) for analytics practice in Nephrology. Follow-up scheduling, documentation completeness, and coding status were reviewed. Workflow steps ""intake, review, handoff"" were documented, with no clinical guidance implied."
SYN-N-00061,SYN-P-00041,SYN-E-000578,2024-10-15,Consult Note,Provider SYN-15,"SYNTHETIC TRAINING NOTE (Consult Note) for analytics practice in Pulmonology.\nWorkflow steps ""intake, review, handoff"" were documented, with no clinical guidance implied.\nFollow-up scheduling, documentation completeness, and coding status were reviewed."
SYN-N-00062,SYN-P-00041,SYN-E-000578,2024-10-17,Discharge Summary,Provider SYN-46,"SYNTHETIC TRAINING NOTE (Discharge Summary) for analytics practice in Pulmonology. Workflow steps ""intake, review, handoff"" were documented, with no clinical guidance implied. Status recorded as ""complete"" for training purposes only."
SYN-N-00063,SYN-P-00053,SYN-E-000580,2024-10-15,Progress Note,Provider SYN-02,"SYNTHETIC TRAINING NOTE (Progress Note) for analytics practice in Internal Medicine. Status recorded as ""complete"" for training purposes only. Follow-up scheduling, documentation completeness, and coding status were reviewed."
SYN-N-00064,SYN-P-00218,SYN-E-000581,2024-10-17,Consult Note,Provider SYN-20,"SYNTHETIC TRAINING NOTE (Consult Note) for analytics practice in Cardiology. Workflow steps ""intake, review, handoff"" were documented, with no clinical guidance implied. Follow-up scheduling, documentation completeness, and coding status were reviewed."
SYN-N-00065,SYN-P-00218,SYN-E-000581,2024-10-17,Consult Note,Provider SYN-22,"SYNTHETIC TRAINING NOTE (Consult Note) for analytics practice in Cardiology. Follow-up scheduling, documentation completeness, and coding status were reviewed. Workflow steps ""intake, review, handoff"" were documented, with no clinical guidance implied."
SYN-N-00066,SYN-P-00198,SYN-E-000591,2024-10-19,ED Note,Provider SYN-01,"SYNTHETIC TRAINING NOTE (ED Note) for analytics practice in Emergency. Follow-up scheduling, documentation completeness, and coding status were reviewed. Workflow steps ""intake, review, handoff"" were documented, with no clinical guidance implied."
SYN-N-00067,SYN-P-00026,SYN-E-000604,2024-10-25,Progress Note,Provider SYN-28,"SYNTHETIC TRAINING NOTE (Progress Note) for analytics practice in Cardiology.\nThis record is fictional, generated for a data engineering workshop.\nWorkflow steps ""intake, review, handoff"" were documented, with no clinical guidance implied."
SYN-N-00068,SYN-P-00222,SYN-E-000613,2024-10-30,ED Note,Provider SYN-22,"SYNTHETIC TRAINING NOTE (ED Note) for analytics practice in Emergency.\nThis record is fictional, generated for a data engineering workshop.\nStatus recorded as ""complete"" for training purposes only."
SYN-N-00069,SYN-P-00163,SYN-E-000616,2024-11-03,Discharge Summary,Provider SYN-31,"SYNTHETIC TRAINING NOTE (Discharge Summary) for analytics practice in Pulmonology. Status recorded as ""complete"" for training purposes only. Workflow steps ""intake, review, handoff"" were documented, with no clinical guidance implied."
SYN-N-00070,SYN-P-00008,SYN-E-000629,2024-11-05,Consult Note,Provider SYN-45,"SYNTHETIC TRAINING NOTE (Consult Note) for analytics practice in Pulmonology.\nWorkflow steps ""intake, review, handoff"" were documented, with no clinical guidance implied.\nThis record is fictional, generated for a data engineering workshop."
SYN-N-00071,SYN-P-00186,SYN-E-000632,2024-11-06,Progress Note,Provider SYN-21,"SYNTHETIC TRAINING NOTE (Progress Note) for analytics practice in Pulmonology.\nThis record is fictional, generated for a data engineering workshop.\nWorkflow steps ""intake, review, handoff"" were documented, with no clinical guidance implied."
SYN-N-00072,SYN-P-00216,SYN-E-000642,2024-11-09,ED Note,Provider SYN-43,"SYNTHETIC TRAINING NOTE (ED Note) for analytics practice in Emergency.\nStatus recorded as ""complete"" for training purposes only.\nFollow-up scheduling, documentation completeness, and coding status were reviewed."
SYN-N-00073,SYN-P-00249,SYN-E-000645,2024-11-09,Progress Note,Provider SYN-17,"SYNTHETIC TRAINING NOTE (Progress Note) for analytics practice in Internal Medicine. Workflow steps ""intake, review, handoff"" were documented, with no clinical guidance implied. This record is fictional, generated for a data engineering workshop."
SYN-N-00074,SYN-P-00130,SYN-E-000648,2024-11-11,Consult Note,Provider SYN-51,"SYNTHETIC TRAINING NOTE (Consult Note) for analytics practice in Internal Medicine.\nStatus recorded as ""complete"" for training purposes only.\nFollow-up scheduling, documentation completeness, and coding status were reviewed."
SYN-N-00075,SYN-P-00025,SYN-E-000650,2024-11-16,Discharge Summary,Provider SYN-03,"SYNTHETIC TRAINING NOTE (Discharge Summary) for analytics practice in Nephrology. This record is fictional, generated for a data engineering workshop. Workflow steps ""intake, review, handoff"" were documented, with no clinical guidance implied."
SYN-N-00076,SYN-P-00051,SYN-E-000651,2024-11-12,Consult Note,Provider SYN-60,"SYNTHETIC TRAINING NOTE (Consult Note) for analytics practice in Pulmonology. This record is fictional, generated for a data engineering workshop. Status recorded as ""complete"" for training purposes only."
SYN-N-00077,SYN-P-00065,SYN-E-000656,2024-11-14,Consult Note,Provider SYN-14,"SYNTHETIC TRAINING NOTE (Consult Note) for analytics practice in Pulmonology. This record is fictional, generated for a data engineering workshop. Follow-up scheduling, documentation completeness, and coding status were reviewed."
SYN-N-00078,SYN-P-00092,SYN-E-000657,2024-11-27,Discharge Summary,Provider SYN-49,"SYNTHETIC TRAINING NOTE (Discharge Summary) for analytics practice in Cardiology. Follow-up scheduling, documentation completeness, and coding status were reviewed. Workflow steps ""intake, review, handoff"" were documented, with no clinical guidance implied."
SYN-N-00079,SYN-P-00057,SYN-E-000660,2024-11-16,Consult Note,Provider SYN-56,"SYNTHETIC TRAINING NOTE (Consult Note) for analytics practice in Internal Medicine. Status recorded as ""complete"" for training purposes only. Workflow steps ""intake, review, handoff"" were documented, with no clinical guidance implied."
SYN-N-00080,SYN-P-00078,SYN-E-000690,2024-11-28,ED Note,Provider SYN-16,"SYNTHETIC TRAINING NOTE (ED Note) for analytics practice in Emergency. Follow-up scheduling, documentation completeness, and coding status were reviewed. Workflow steps ""intake, review, handoff"" were documented, with no clinical guidance implied."
SYN-N-00081,SYN-P-00233,SYN-E-000691,2024-11-28,Progress Note,Provider SYN-60,"SYNTHETIC TRAINING NOTE (Progress Note) for analytics practice in Cardiology. Workflow steps ""intake, review, handoff"" were documented, with no clinical guidance implied. Follow-up scheduling, documentation completeness, and coding status were reviewed."
SYN-N-00082,SYN-P-00233,SYN-E-000691,2024-12-01,Discharge Summary,Provider SYN-21,"SYNTHETIC TRAINING NOTE (Discharge Summary) for analytics practice in Cardiology.\nFollow-up scheduling, documentation completeness, and coding status were reviewed.\nWorkflow steps ""intake, review, handoff"" were documented, with no clinical guidance implied."
SYN-N-00083,SYN-P-00098,SYN-E-000698,2024-12-02,Consult Note,Provider SYN-14,"SYNTHETIC TRAINING NOTE (Consult Note) for analytics practice in Nephrology. Follow-up scheduling, documentation completeness, and coding status were reviewed. This record is fictional, generated for a data engineering workshop."
SYN-N-00084,SYN-P-00203,SYN-E-000700,2024-12-03,Progress Note,Provider SYN-05,"SYNTHETIC TRAINING NOTE (Progress Note) for analytics practice in Cardiology. Follow-up scheduling, documentation completeness, and coding status were reviewed. Status recorded as ""complete"" for training purposes only."
SYN-N-00085,SYN-P-00245,SYN-E-000704,2024-12-05,Progress Note,Provider SYN-30,"SYNTHETIC TRAINING NOTE (Progress Note) for analytics practice in Internal Medicine. Workflow steps ""intake, review, handoff"" were documented, with no clinical guidance implied. This record is fictional, generated for a data engineering workshop."
SYN-N-00086,SYN-P-00207,SYN-E-000706,2024-12-05,ED Note,Provider SYN-38,"SYNTHETIC TRAINING NOTE (ED Note) for analytics practice in Emergency.\nFollow-up scheduling, documentation completeness, and coding status were reviewed.\nWorkflow steps ""intake, review, handoff"" were documented, with no clinical guidance implied."
SYN-N-00087,SYN-P-00277,SYN-E-000707,2024-12-06,ED Note,Provider SYN-02,"SYNTHETIC TRAINING NOTE (ED Note) for analytics practice in Emergency.\nStatus recorded as ""complete"" for training purposes only.\nFollow-up scheduling, documentation completeness, and coding status were reviewed."
SYN-N-00088,SYN-P-00081,SYN-E-000722,2024-12-11,ED Note,Provider SYN-09,"SYNTHETIC TRAINING NOTE (ED Note) for analytics practice in Emergency. Workflow steps ""intake, review, handoff"" were documented, with no clinical guidance implied. Status recorded as ""complete"" for training purposes only."
SYN-N-00089,SYN-P-00242,SYN-E-000723,2024-12-11,Progress Note,Provider SYN-25,"SYNTHETIC TRAINING NOTE (Progress Note) for analytics practice in Pulmonology. Workflow steps ""intake, review, handoff"" were documented, with no clinical guidance implied. Follow-up scheduling, documentation completeness, and coding status were reviewed."
SYN-N-00090,SYN-P-00166,SYN-E-000727,2024-12-12,ED Note,Provider SYN-08,"SYNTHETIC TRAINING NOTE (ED Note) for analytics practice in Emergency. Status recorded as ""complete"" for training purposes only. Follow-up scheduling, documentation completeness, and coding status were reviewed."
SYN-N-00091,SYN-P-00149,SYN-E-000735,2024-12-16,Discharge Summary,Provider SYN-12,"SYNTHETIC TRAINING NOTE (Discharge Summary) for analytics practice in Internal Medicine. Workflow steps ""intake, review, handoff"" were documented, with no clinical guidance implied. Follow-up scheduling, documentation completeness, and coding status were reviewed."
SYN-N-00092,SYN-P-00113,SYN-E-000741,2024-12-16,ED Note,Provider SYN-13,"SYNTHETIC TRAINING NOTE (ED Note) for analytics practice in Emergency. This record is fictional, generated for a data engineering workshop. Status recorded as ""complete"" for training purposes only."
SYN-N-00093,SYN-P-00113,SYN-E-000741,2024-12-16,ED Note,Provider SYN-44,"SYNTHETIC TRAINING NOTE (ED Note) for analytics practice in Emergency. Workflow steps ""intake, review, handoff"" were documented, with no clinical guidance implied. Status recorded as ""complete"" for training purposes only."
SYN-N-00094,SYN-P-00098,SYN-E-000750,2024-12-21,Progress Note,Provider SYN-36,"SYNTHETIC TRAINING NOTE (Progress Note) for analytics practice in Internal Medicine. Workflow steps ""intake, review, handoff"" were documented, with no clinical guidance implied. Follow-up scheduling, documentation completeness, and coding status were reviewed."
SYN-N-00095,SYN-P-00255,SYN-E-000752,2024-12-21,Progress Note,Provider SYN-50,"SYNTHETIC TRAINING NOTE (Progress Note) for analytics practice in Pulmonology. Follow-up scheduling, documentation completeness, and coding status were reviewed. Status recorded as ""complete"" for training purposes only."
SYN-N-00096,SYN-P-00130,SYN-E-000755,2024-12-24,Discharge Summary,Provider SYN-44,"SYNTHETIC TRAINING NOTE (Discharge Summary) for analytics practice in Cardiology.\nStatus recorded as ""complete"" for training purposes only.\nWorkflow steps ""intake, review, handoff"" were documented, with no clinical guidance implied."
SYN-N-00097,SYN-P-00043,SYN-E-000762,2024-12-23,ED Note,Provider SYN-45,"SYNTHETIC TRAINING NOTE (ED Note) for analytics practice in Emergency.\nStatus recorded as ""complete"" for training purposes only.\nThis record is fictional, generated for a data engineering workshop."
SYN-N-00098,SYN-P-00204,SYN-E-000776,2024-12-27,Consult Note,Provider SYN-59,"SYNTHETIC TRAINING NOTE (Consult Note) for analytics practice in Pulmonology. Status recorded as ""complete"" for training purposes only. Follow-up scheduling, documentation completeness, and coding status were reviewed."
SYN-N-00099,SYN-P-00171,SYN-E-000783,2024-12-31,ED Note,Provider SYN-57,"SYNTHETIC TRAINING NOTE (ED Note) for analytics practice in Emergency.\nStatus recorded as ""complete"" for training purposes only.\nWorkflow steps ""intake, review, handoff"" were documented, with no clinical guidance implied."
SYN-N-00100,SYN-P-00191,SYN-E-000793,2025-01-11,Discharge Summary,Provider SYN-37,"SYNTHETIC TRAINING NOTE (Discharge Summary) for analytics practice in Pulmonology. Workflow steps ""intake, review, handoff"" were documented, with no clinical guidance implied. This record is fictional, generated for a data engineering workshop."
SYN-N-00101,SYN-P-00141,SYN-E-000796,2025-01-08,ED Note,Provider SYN-48,"SYNTHETIC TRAINING NOTE (ED Note) for analytics practice in Emergency. Follow-up scheduling, documentation completeness, and coding status were reviewed. Workflow steps ""intake, review, handoff"" were documented, with no clinical guidance implied."
SYN-N-00102,SYN-P-00223,SYN-E-000826,2025-01-22,Consult Note,Provider SYN-18,"SYNTHETIC TRAINING NOTE (Consult Note) for analytics practice in Cardiology. Follow-up scheduling, documentation completeness, and coding status were reviewed. Status recorded as ""complete"" for training purposes only."
SYN-N-00103,SYN-P-00022,SYN-E-000827,2025-01-26,Discharge Summary,Provider SYN-01,"SYNTHETIC TRAINING NOTE (Discharge Summary) for analytics practice in Nephrology. Status recorded as ""complete"" for training purposes only. Workflow steps ""intake, review, handoff"" were documented, with no clinical guidance implied."
SYN-N-00104,SYN-P-00111,SYN-E-000835,2025-01-26,ED Note,Provider SYN-17,"SYNTHETIC TRAINING NOTE (ED Note) for analytics practice in Emergency. Workflow steps ""intake, review, handoff"" were documented, with no clinical guidance implied. This record is fictional, generated for a data engineering workshop."
SYN-N-00105,SYN-P-00065,SYN-E-000836,2025-01-26,Consult Note,Provider SYN-49,"SYNTHETIC TRAINING NOTE (Consult Note) for analytics practice in Neurology. Follow-up scheduling, documentation completeness, and coding status were reviewed. Status recorded as ""complete"" for training purposes only."
SYN-N-00106,SYN-P-00065,SYN-E-000836,2025-01-26,Progress Note,Provider SYN-53,"SYNTHETIC TRAINING NOTE (Progress Note) for analytics practice in Neurology. This record is fictional, generated for a data engineering workshop. Workflow steps ""intake, review, handoff"" were documented, with no clinical guidance implied."
SYN-N-00107,SYN-P-00079,SYN-E-000838,2025-01-28,Progress Note,Provider SYN-43,"SYNTHETIC TRAINING NOTE (Progress Note) for analytics practice in Internal Medicine.\nWorkflow steps ""intake, review, handoff"" were documented, with no clinical guidance implied.\nThis record is fictional, generated for a data engineering workshop."
SYN-N-00108,SYN-P-00123,SYN-E-000849,2025-01-31,Progress Note,Provider SYN-49,"SYNTHETIC TRAINING NOTE (Progress Note) for analytics practice in Orthopedics. Workflow steps ""intake, review, handoff"" were documented, with no clinical guidance implied. Status recorded as ""complete"" for training purposes only."
SYN-N-00109,SYN-P-00257,SYN-E-000856,2025-02-03,Progress Note,Provider SYN-09,"SYNTHETIC TRAINING NOTE (Progress Note) for analytics practice in Nephrology.\nFollow-up scheduling, documentation completeness, and coding status were reviewed.\nWorkflow steps ""intake, review, handoff"" were documented, with no clinical guidance implied."
SYN-N-00110,SYN-P-00223,SYN-E-000863,2025-02-06,Progress Note,Provider SYN-03,"SYNTHETIC TRAINING NOTE (Progress Note) for analytics practice in Cardiology. Workflow steps ""intake, review, handoff"" were documented, with no clinical guidance implied. Status recorded as ""complete"" for training purposes only."
SYN-N-00111,SYN-P-00172,SYN-E-000876,2025-02-11,ED Note,Provider SYN-25,"SYNTHETIC TRAINING NOTE (ED Note) for analytics practice in Emergency. Workflow steps ""intake, review, handoff"" were documented, with no clinical guidance implied. Status recorded as ""complete"" for training purposes only."
SYN-N-00112,SYN-P-00255,SYN-E-000878,2025-02-11,ED Note,Provider SYN-52,"SYNTHETIC TRAINING NOTE (ED Note) for analytics practice in Emergency. Follow-up scheduling, documentation completeness, and coding status were reviewed. Status recorded as ""complete"" for training purposes only."
SYN-N-00113,SYN-P-00166,SYN-E-000881,2025-02-12,Consult Note,Provider SYN-15,"SYNTHETIC TRAINING NOTE (Consult Note) for analytics practice in Internal Medicine. This record is fictional, generated for a data engineering workshop. Status recorded as ""complete"" for training purposes only."
SYN-N-00114,SYN-P-00235,SYN-E-000884,2025-02-12,ED Note,Provider SYN-23,"SYNTHETIC TRAINING NOTE (ED Note) for analytics practice in Emergency. Status recorded as ""complete"" for training purposes only. This record is fictional, generated for a data engineering workshop."
SYN-N-00115,SYN-P-00276,SYN-E-000889,2025-02-15,Discharge Summary,Provider SYN-04,"SYNTHETIC TRAINING NOTE (Discharge Summary) for analytics practice in Internal Medicine. Workflow steps ""intake, review, handoff"" were documented, with no clinical guidance implied. Follow-up scheduling, documentation completeness, and coding status were reviewed."
SYN-N-00116,SYN-P-00211,SYN-E-000892,2025-02-16,ED Note,Provider SYN-13,"SYNTHETIC TRAINING NOTE (ED Note) for analytics practice in Emergency.\nWorkflow steps ""intake, review, handoff"" were documented, with no clinical guidance implied.\nThis record is fictional, generated for a data engineering workshop."
SYN-N-00117,SYN-P-00045,SYN-E-000894,2025-02-17,Consult Note,Provider SYN-13,"SYNTHETIC TRAINING NOTE (Consult Note) for analytics practice in Pulmonology. This record is fictional, generated for a data engineering workshop. Status recorded as ""complete"" for training purposes only."
SYN-N-00118,SYN-P-00203,SYN-E-000907,2025-02-23,ED Note,Provider SYN-34,"SYNTHETIC TRAINING NOTE (ED Note) for analytics practice in Emergency. Status recorded as ""complete"" for training purposes only. Workflow steps ""intake, review, handoff"" were documented, with no clinical guidance implied."
SYN-N-00119,SYN-P-00012,SYN-E-000908,2025-02-23,Consult Note,Provider SYN-54,"SYNTHETIC TRAINING NOTE (Consult Note) for analytics practice in Internal Medicine.\nFollow-up scheduling, documentation completeness, and coding status were reviewed.\nThis record is fictional, generated for a data engineering workshop."
SYN-N-00120,SYN-P-00012,SYN-E-000908,2025-02-23,Consult Note,Provider SYN-13,"SYNTHETIC TRAINING NOTE (Consult Note) for analytics practice in Internal Medicine.\nThis record is fictional, generated for a data engineering workshop.\nFollow-up scheduling, documentation completeness, and coding status were reviewed."
SYN-N-00121,SYN-P-00162,SYN-E-000927,2025-03-06,Progress Note,Provider SYN-48,"SYNTHETIC TRAINING NOTE (Progress Note) for analytics practice in Pulmonology. Follow-up scheduling, documentation completeness, and coding status were reviewed. Status recorded as ""complete"" for training purposes only."
SYN-N-00122,SYN-P-00162,SYN-E-000927,2025-03-12,Discharge Summary,Provider SYN-14,"SYNTHETIC TRAINING NOTE (Discharge Summary) for analytics practice in Pulmonology. Workflow steps ""intake, review, handoff"" were documented, with no clinical guidance implied. Follow-up scheduling, documentation completeness, and coding status were reviewed."
SYN-N-00123,SYN-P-00092,SYN-E-000930,2025-03-08,Progress Note,Provider SYN-08,"SYNTHETIC TRAINING NOTE (Progress Note) for analytics practice in Orthopedics.\nFollow-up scheduling, documentation completeness, and coding status were reviewed.\nWorkflow steps ""intake, review, handoff"" were documented, with no clinical guidance implied."
SYN-N-00124,SYN-P-00092,SYN-E-000930,2025-03-09,Discharge Summary,Provider SYN-09,"SYNTHETIC TRAINING NOTE (Discharge Summary) for analytics practice in Orthopedics.\nWorkflow steps ""intake, review, handoff"" were documented, with no clinical guidance implied.\nFollow-up scheduling, documentation completeness, and coding status were reviewed."
SYN-N-00125,SYN-P-00129,SYN-E-000935,2025-03-12,Discharge Summary,Provider SYN-21,"SYNTHETIC TRAINING NOTE (Discharge Summary) for analytics practice in Orthopedics.\nWorkflow steps ""intake, review, handoff"" were documented, with no clinical guidance implied.\nThis record is fictional, generated for a data engineering workshop."
SYN-N-00126,SYN-P-00236,SYN-E-000946,2025-03-14,Consult Note,Provider SYN-31,"SYNTHETIC TRAINING NOTE (Consult Note) for analytics practice in Cardiology. Follow-up scheduling, documentation completeness, and coding status were reviewed. This record is fictional, generated for a data engineering workshop."
SYN-N-00127,SYN-P-00236,SYN-E-000946,2025-03-14,Consult Note,Provider SYN-53,"SYNTHETIC TRAINING NOTE (Consult Note) for analytics practice in Cardiology.\nStatus recorded as ""complete"" for training purposes only.\nWorkflow steps ""intake, review, handoff"" were documented, with no clinical guidance implied."
SYN-N-00128,SYN-P-00236,SYN-E-000946,2025-03-14,Consult Note,Provider SYN-59,"SYNTHETIC TRAINING NOTE (Consult Note) for analytics practice in Cardiology. Status recorded as ""complete"" for training purposes only. Workflow steps ""intake, review, handoff"" were documented, with no clinical guidance implied."
SYN-N-00129,SYN-P-00210,SYN-E-000954,2025-03-18,Consult Note,Provider SYN-33,"SYNTHETIC TRAINING NOTE (Consult Note) for analytics practice in Nephrology. Workflow steps ""intake, review, handoff"" were documented, with no clinical guidance implied. Follow-up scheduling, documentation completeness, and coding status were reviewed."
SYN-N-00130,SYN-P-00210,SYN-E-000954,2025-03-20,Discharge Summary,Provider SYN-12,"SYNTHETIC TRAINING NOTE (Discharge Summary) for analytics practice in Nephrology. Follow-up scheduling, documentation completeness, and coding status were reviewed. Status recorded as ""complete"" for training purposes only."
SYN-N-00131,SYN-P-00249,SYN-E-000986,2025-03-31,Progress Note,Provider SYN-49,"SYNTHETIC TRAINING NOTE (Progress Note) for analytics practice in Cardiology. This record is fictional, generated for a data engineering workshop. Status recorded as ""complete"" for training purposes only."
SYN-N-00132,SYN-P-00127,SYN-E-000987,2025-04-01,Discharge Summary,Provider SYN-04,"SYNTHETIC TRAINING NOTE (Discharge Summary) for analytics practice in Pulmonology. Follow-up scheduling, documentation completeness, and coding status were reviewed. Status recorded as ""complete"" for training purposes only."
SYN-N-00133,SYN-P-00167,SYN-E-001005,2025-04-05,Progress Note,Provider SYN-32,"SYNTHETIC TRAINING NOTE (Progress Note) for analytics practice in Pulmonology.\nThis record is fictional, generated for a data engineering workshop.\nWorkflow steps ""intake, review, handoff"" were documented, with no clinical guidance implied."
SYN-N-00134,SYN-P-00178,SYN-E-001006,2025-04-14,Discharge Summary,Provider SYN-41,"SYNTHETIC TRAINING NOTE (Discharge Summary) for analytics practice in Orthopedics. This record is fictional, generated for a data engineering workshop. Status recorded as ""complete"" for training purposes only."
SYN-N-00135,SYN-P-00094,SYN-E-001010,2025-04-06,Progress Note,Provider SYN-04,"SYNTHETIC TRAINING NOTE (Progress Note) for analytics practice in Orthopedics. Workflow steps ""intake, review, handoff"" were documented, with no clinical guidance implied. Follow-up scheduling, documentation completeness, and coding status were reviewed."
SYN-N-00136,SYN-P-00041,SYN-E-001012,2025-04-07,Consult Note,Provider SYN-42,"SYNTHETIC TRAINING NOTE (Consult Note) for analytics practice in Pulmonology. This record is fictional, generated for a data engineering workshop. Follow-up scheduling, documentation completeness, and coding status were reviewed."
SYN-N-00137,SYN-P-00283,SYN-E-001026,2025-04-11,Progress Note,Provider SYN-30,"SYNTHETIC TRAINING NOTE (Progress Note) for analytics practice in Nephrology. This record is fictional, generated for a data engineering workshop. Workflow steps ""intake, review, handoff"" were documented, with no clinical guidance implied."
SYN-N-00138,SYN-P-00215,SYN-E-001043,2025-04-18,ED Note,Provider SYN-39,"SYNTHETIC TRAINING NOTE (ED Note) for analytics practice in Emergency.\nStatus recorded as ""complete"" for training purposes only.\nThis record is fictional, generated for a data engineering workshop."
SYN-N-00139,SYN-P-00233,SYN-E-001044,2025-04-18,Progress Note,Provider SYN-57,"SYNTHETIC TRAINING NOTE (Progress Note) for analytics practice in Internal Medicine. Workflow steps ""intake, review, handoff"" were documented, with no clinical guidance implied. Status recorded as ""complete"" for training purposes only."
SYN-N-00140,SYN-P-00088,SYN-E-001052,2025-04-23,ED Note,Provider SYN-60,"SYNTHETIC TRAINING NOTE (ED Note) for analytics practice in Emergency.\nFollow-up scheduling, documentation completeness, and coding status were reviewed.\nStatus recorded as ""complete"" for training purposes only."
SYN-N-00141,SYN-P-00088,SYN-E-001052,2025-04-23,ED Note,Provider SYN-29,"SYNTHETIC TRAINING NOTE (ED Note) for analytics practice in Emergency. Follow-up scheduling, documentation completeness, and coding status were reviewed. Workflow steps ""intake, review, handoff"" were documented, with no clinical guidance implied."
SYN-N-00142,SYN-P-00228,SYN-E-001056,2025-04-25,Progress Note,Provider SYN-12,"SYNTHETIC TRAINING NOTE (Progress Note) for analytics practice in Cardiology.\nWorkflow steps ""intake, review, handoff"" were documented, with no clinical guidance implied.\nFollow-up scheduling, documentation completeness, and coding status were reviewed."
SYN-N-00143,SYN-P-00267,SYN-E-001066,2025-04-28,Progress Note,Provider SYN-03,"SYNTHETIC TRAINING NOTE (Progress Note) for analytics practice in Neurology. Follow-up scheduling, documentation completeness, and coding status were reviewed. This record is fictional, generated for a data engineering workshop."
SYN-N-00144,SYN-P-00099,SYN-E-001082,2025-05-10,Discharge Summary,Provider SYN-38,"SYNTHETIC TRAINING NOTE (Discharge Summary) for analytics practice in Orthopedics. Workflow steps ""intake, review, handoff"" were documented, with no clinical guidance implied. Follow-up scheduling, documentation completeness, and coding status were reviewed."
SYN-N-00145,SYN-P-00256,SYN-E-001084,2025-05-07,Consult Note,Provider SYN-03,"SYNTHETIC TRAINING NOTE (Consult Note) for analytics practice in Orthopedics.\nWorkflow steps ""intake, review, handoff"" were documented, with no clinical guidance implied.\nFollow-up scheduling, documentation completeness, and coding status were reviewed."
SYN-N-00146,SYN-P-00217,SYN-E-001088,2025-05-12,Discharge Summary,Provider SYN-09,"SYNTHETIC TRAINING NOTE (Discharge Summary) for analytics practice in Orthopedics.\nFollow-up scheduling, documentation completeness, and coding status were reviewed.\nWorkflow steps ""intake, review, handoff"" were documented, with no clinical guidance implied."
SYN-N-00147,SYN-P-00106,SYN-E-001093,2025-05-16,Discharge Summary,Provider SYN-16,"SYNTHETIC TRAINING NOTE (Discharge Summary) for analytics practice in Cardiology. Workflow steps ""intake, review, handoff"" were documented, with no clinical guidance implied. This record is fictional, generated for a data engineering workshop."
SYN-N-00148,SYN-P-00262,SYN-E-001095,2025-05-12,ED Note,Provider SYN-19,"SYNTHETIC TRAINING NOTE (ED Note) for analytics practice in Emergency.\nStatus recorded as ""complete"" for training purposes only.\nThis record is fictional, generated for a data engineering workshop."
SYN-N-00149,SYN-P-00006,SYN-E-001104,2025-05-17,ED Note,Provider SYN-11,"SYNTHETIC TRAINING NOTE (ED Note) for analytics practice in Emergency.\nWorkflow steps ""intake, review, handoff"" were documented, with no clinical guidance implied.\nStatus recorded as ""complete"" for training purposes only."
SYN-N-00150,SYN-P-00006,SYN-E-001104,2025-05-17,ED Note,Provider SYN-23,"SYNTHETIC TRAINING NOTE (ED Note) for analytics practice in Emergency. Status recorded as ""complete"" for training purposes only. Follow-up scheduling, documentation completeness, and coding status were reviewed."
SYN-N-00151,SYN-P-00063,SYN-E-001107,2025-05-22,Discharge Summary,Provider SYN-38,"SYNTHETIC TRAINING NOTE (Discharge Summary) for analytics practice in Orthopedics.\nWorkflow steps ""intake, review, handoff"" were documented, with no clinical guidance implied.\nStatus recorded as ""complete"" for training purposes only."
SYN-N-00152,SYN-P-00198,SYN-E-001115,2025-05-24,Discharge Summary,Provider SYN-02,"SYNTHETIC TRAINING NOTE (Discharge Summary) for analytics practice in Pulmonology.\nStatus recorded as ""complete"" for training purposes only.\nThis record is fictional, generated for a data engineering workshop."
SYN-N-00153,SYN-P-00217,SYN-E-001117,2025-05-25,Progress Note,Provider SYN-03,"SYNTHETIC TRAINING NOTE (Progress Note) for analytics practice in Pulmonology. Follow-up scheduling, documentation completeness, and coding status were reviewed. This record is fictional, generated for a data engineering workshop."
SYN-N-00154,SYN-P-00119,SYN-E-001124,2025-05-27,Progress Note,Provider SYN-22,"SYNTHETIC TRAINING NOTE (Progress Note) for analytics practice in Cardiology.\nFollow-up scheduling, documentation completeness, and coding status were reviewed.\nThis record is fictional, generated for a data engineering workshop."
SYN-N-00155,SYN-P-00183,SYN-E-001144,2025-06-05,ED Note,Provider SYN-06,"SYNTHETIC TRAINING NOTE (ED Note) for analytics practice in Emergency. Status recorded as ""complete"" for training purposes only. Follow-up scheduling, documentation completeness, and coding status were reviewed."
SYN-N-00156,SYN-P-00225,SYN-E-001149,2025-06-09,Discharge Summary,Provider SYN-13,"SYNTHETIC TRAINING NOTE (Discharge Summary) for analytics practice in Nephrology. Follow-up scheduling, documentation completeness, and coding status were reviewed. Workflow steps ""intake, review, handoff"" were documented, with no clinical guidance implied."
SYN-N-00157,SYN-P-00175,SYN-E-001150,2025-06-07,Consult Note,Provider SYN-37,"SYNTHETIC TRAINING NOTE (Consult Note) for analytics practice in Cardiology. Follow-up scheduling, documentation completeness, and coding status were reviewed. This record is fictional, generated for a data engineering workshop."
SYN-N-00158,SYN-P-00283,SYN-E-001155,2025-06-10,Consult Note,Provider SYN-41,"SYNTHETIC TRAINING NOTE (Consult Note) for analytics practice in Neurology. Follow-up scheduling, documentation completeness, and coding status were reviewed. Status recorded as ""complete"" for training purposes only."
SYN-N-00159,SYN-P-00283,SYN-E-001155,2025-06-10,Progress Note,Provider SYN-45,"SYNTHETIC TRAINING NOTE (Progress Note) for analytics practice in Neurology. Workflow steps ""intake, review, handoff"" were documented, with no clinical guidance implied. Status recorded as ""complete"" for training purposes only."
SYN-N-00160,SYN-P-00293,SYN-E-001166,2025-06-14,Progress Note,Provider SYN-06,"SYNTHETIC TRAINING NOTE (Progress Note) for analytics practice in Cardiology.\nFollow-up scheduling, documentation completeness, and coding status were reviewed.\nThis record is fictional, generated for a data engineering workshop."
SYN-N-00161,SYN-P-00291,SYN-E-001168,2025-06-15,Discharge Summary,Provider SYN-28,"SYNTHETIC TRAINING NOTE (Discharge Summary) for analytics practice in Nephrology.\nThis record is fictional, generated for a data engineering workshop.\nWorkflow steps ""intake, review, handoff"" were documented, with no clinical guidance implied."
SYN-N-00162,SYN-P-00221,SYN-E-001171,2025-06-17,Consult Note,Provider SYN-36,"SYNTHETIC TRAINING NOTE (Consult Note) for analytics practice in Internal Medicine. This record is fictional, generated for a data engineering workshop. Workflow steps ""intake, review, handoff"" were documented, with no clinical guidance implied."
SYN-N-00163,SYN-P-00158,SYN-E-001173,2025-06-20,Discharge Summary,Provider SYN-01,"SYNTHETIC TRAINING NOTE (Discharge Summary) for analytics practice in Cardiology.\nFollow-up scheduling, documentation completeness, and coding status were reviewed.\nWorkflow steps ""intake, review, handoff"" were documented, with no clinical guidance implied."
SYN-N-00164,SYN-P-00073,SYN-E-001174,2025-06-18,ED Note,Provider SYN-56,"SYNTHETIC TRAINING NOTE (ED Note) for analytics practice in Emergency. Follow-up scheduling, documentation completeness, and coding status were reviewed. This record is fictional, generated for a data engineering workshop."
SYN-N-00165,SYN-P-00017,SYN-E-001183,2025-06-24,Progress Note,Provider SYN-35,"SYNTHETIC TRAINING NOTE (Progress Note) for analytics practice in Pulmonology. Follow-up scheduling, documentation completeness, and coding status were reviewed. Workflow steps ""intake, review, handoff"" were documented, with no clinical guidance implied."
SYN-N-00166,SYN-P-00024,SYN-E-001189,2025-06-25,Consult Note,Provider SYN-11,"SYNTHETIC TRAINING NOTE (Consult Note) for analytics practice in Internal Medicine. Follow-up scheduling, documentation completeness, and coding status were reviewed. This record is fictional, generated for a data engineering workshop."
SYN-N-00167,SYN-P-00234,SYN-E-001190,2025-06-25,Consult Note,Provider SYN-58,"SYNTHETIC TRAINING NOTE (Consult Note) for analytics practice in Cardiology. Follow-up scheduling, documentation completeness, and coding status were reviewed. Status recorded as ""complete"" for training purposes only."
SYN-N-00168,SYN-P-00255,SYN-E-001205,2025-07-01,Progress Note,Provider SYN-25,"SYNTHETIC TRAINING NOTE (Progress Note) for analytics practice in Cardiology.\nWorkflow steps ""intake, review, handoff"" were documented, with no clinical guidance implied.\nFollow-up scheduling, documentation completeness, and coding status were reviewed."
SYN-N-00169,SYN-P-00038,SYN-E-001208,2025-07-08,Discharge Summary,Provider SYN-34,"SYNTHETIC TRAINING NOTE (Discharge Summary) for analytics practice in Pulmonology. Status recorded as ""complete"" for training purposes only. Workflow steps ""intake, review, handoff"" were documented, with no clinical guidance implied."
SYN-N-00170,SYN-P-00134,SYN-E-001215,2025-07-06,Progress Note,Provider SYN-01,"SYNTHETIC TRAINING NOTE (Progress Note) for analytics practice in Neurology. Follow-up scheduling, documentation completeness, and coding status were reviewed. This record is fictional, generated for a data engineering workshop."
SYN-N-00171,SYN-P-00226,SYN-E-001220,2025-07-08,Progress Note,Provider SYN-20,"SYNTHETIC TRAINING NOTE (Progress Note) for analytics practice in Internal Medicine. Status recorded as ""complete"" for training purposes only. This record is fictional, generated for a data engineering workshop."
SYN-N-00172,SYN-P-00260,SYN-E-001221,2025-07-12,ED Note,Provider SYN-23,"SYNTHETIC TRAINING NOTE (ED Note) for analytics practice in Emergency.\nThis record is fictional, generated for a data engineering workshop.\nWorkflow steps ""intake, review, handoff"" were documented, with no clinical guidance implied."
SYN-N-00173,SYN-P-00099,SYN-E-001240,2025-07-22,ED Note,Provider SYN-11,"SYNTHETIC TRAINING NOTE (ED Note) for analytics practice in Emergency. Follow-up scheduling, documentation completeness, and coding status were reviewed. Status recorded as ""complete"" for training purposes only."
SYN-N-00174,SYN-P-00006,SYN-E-001244,2025-07-25,ED Note,Provider SYN-01,"SYNTHETIC TRAINING NOTE (ED Note) for analytics practice in Emergency. Follow-up scheduling, documentation completeness, and coding status were reviewed. This record is fictional, generated for a data engineering workshop."
SYN-N-00175,SYN-P-00276,SYN-E-001252,2025-07-28,Progress Note,Provider SYN-58,"SYNTHETIC TRAINING NOTE (Progress Note) for analytics practice in Cardiology. This record is fictional, generated for a data engineering workshop. Follow-up scheduling, documentation completeness, and coding status were reviewed."
SYN-N-00176,SYN-P-00129,SYN-E-001260,2025-08-01,Consult Note,Provider SYN-38,"SYNTHETIC TRAINING NOTE (Consult Note) for analytics practice in Orthopedics.\nWorkflow steps ""intake, review, handoff"" were documented, with no clinical guidance implied.\nThis record is fictional, generated for a data engineering workshop."
SYN-N-00177,SYN-P-00129,SYN-E-001294,2025-08-18,Progress Note,Provider SYN-19,"SYNTHETIC TRAINING NOTE (Progress Note) for analytics practice in Neurology. Workflow steps ""intake, review, handoff"" were documented, with no clinical guidance implied. Status recorded as ""complete"" for training purposes only."
SYN-N-00178,SYN-P-00129,SYN-E-001294,2025-08-18,Progress Note,Provider SYN-18,"SYNTHETIC TRAINING NOTE (Progress Note) for analytics practice in Neurology.\nStatus recorded as ""complete"" for training purposes only.\nFollow-up scheduling, documentation completeness, and coding status were reviewed."
SYN-N-00179,SYN-P-00071,SYN-E-001299,2025-08-23,ED Note,Provider SYN-03,"SYNTHETIC TRAINING NOTE (ED Note) for analytics practice in Emergency. Workflow steps ""intake, review, handoff"" were documented, with no clinical guidance implied. Status recorded as ""complete"" for training purposes only."
SYN-N-00180,SYN-P-00071,SYN-E-001299,2025-08-23,ED Note,Provider SYN-16,"SYNTHETIC TRAINING NOTE (ED Note) for analytics practice in Emergency.\nStatus recorded as ""complete"" for training purposes only.\nThis record is fictional, generated for a data engineering workshop."
SYN-N-00181,SYN-P-00071,SYN-E-001299,2025-08-23,ED Note,Provider SYN-51,"SYNTHETIC TRAINING NOTE (ED Note) for analytics practice in Emergency.\nWorkflow steps ""intake, review, handoff"" were documented, with no clinical guidance implied.\nThis record is fictional, generated for a data engineering workshop."
SYN-N-00182,SYN-P-00155,SYN-E-001305,2025-09-05,Discharge Summary,Provider SYN-47,"SYNTHETIC TRAINING NOTE (Discharge Summary) for analytics practice in Nephrology. This record is fictional, generated for a data engineering workshop. Workflow steps ""intake, review, handoff"" were documented, with no clinical guidance implied."
SYN-N-00183,SYN-P-00167,SYN-E-001311,2025-09-12,Discharge Summary,Provider SYN-05,"SYNTHETIC TRAINING NOTE (Discharge Summary) for analytics practice in Neurology. This record is fictional, generated for a data engineering workshop. Workflow steps ""intake, review, handoff"" were documented, with no clinical guidance implied."
SYN-N-00184,SYN-P-00065,SYN-E-001322,2025-09-11,ED Note,Provider SYN-24,"SYNTHETIC TRAINING NOTE (ED Note) for analytics practice in Emergency.\nThis record is fictional, generated for a data engineering workshop.\nStatus recorded as ""complete"" for training purposes only."
SYN-N-00185,SYN-P-00065,SYN-E-001322,2025-09-11,ED Note,Provider SYN-25,"SYNTHETIC TRAINING NOTE (ED Note) for analytics practice in Emergency. Status recorded as ""complete"" for training purposes only. Workflow steps ""intake, review, handoff"" were documented, with no clinical guidance implied."
SYN-N-00186,SYN-P-00242,SYN-E-001327,2025-09-14,Consult Note,Provider SYN-41,"SYNTHETIC TRAINING NOTE (Consult Note) for analytics practice in Cardiology.\nFollow-up scheduling, documentation completeness, and coding status were reviewed.\nThis record is fictional, generated for a data engineering workshop."
SYN-N-00187,SYN-P-00242,SYN-E-001327,2025-09-19,Discharge Summary,Provider SYN-37,"SYNTHETIC TRAINING NOTE (Discharge Summary) for analytics practice in Cardiology.\nStatus recorded as ""complete"" for training purposes only.\nWorkflow steps ""intake, review, handoff"" were documented, with no clinical guidance implied."
SYN-N-00188,SYN-P-00244,SYN-E-001329,2025-09-16,Consult Note,Provider SYN-14,"SYNTHETIC TRAINING NOTE (Consult Note) for analytics practice in Internal Medicine.\nThis record is fictional, generated for a data engineering workshop.\nStatus recorded as ""complete"" for training purposes only."
SYN-N-00189,SYN-P-00266,SYN-E-001333,2025-09-18,ED Note,Provider SYN-59,"SYNTHETIC TRAINING NOTE (ED Note) for analytics practice in Emergency.\nWorkflow steps ""intake, review, handoff"" were documented, with no clinical guidance implied.\nThis record is fictional, generated for a data engineering workshop."
SYN-N-00190,SYN-P-00035,SYN-E-001346,2025-09-23,Progress Note,Provider SYN-33,"SYNTHETIC TRAINING NOTE (Progress Note) for analytics practice in Pulmonology. Status recorded as ""complete"" for training purposes only. Workflow steps ""intake, review, handoff"" were documented, with no clinical guidance implied."
SYN-N-00191,SYN-P-00091,SYN-E-001360,2025-10-04,Progress Note,Provider SYN-30,"SYNTHETIC TRAINING NOTE (Progress Note) for analytics practice in Cardiology. This record is fictional, generated for a data engineering workshop. Status recorded as ""complete"" for training purposes only."
SYN-N-00192,SYN-P-00143,SYN-E-001363,2025-10-06,ED Note,Provider SYN-32,"SYNTHETIC TRAINING NOTE (ED Note) for analytics practice in Emergency. Workflow steps ""intake, review, handoff"" were documented, with no clinical guidance implied. Follow-up scheduling, documentation completeness, and coding status were reviewed."
SYN-N-00193,SYN-P-00296,SYN-E-001365,2025-10-06,Consult Note,Provider SYN-54,"SYNTHETIC TRAINING NOTE (Consult Note) for analytics practice in Nephrology. Status recorded as ""complete"" for training purposes only. This record is fictional, generated for a data engineering workshop."
SYN-N-00194,SYN-P-00296,SYN-E-001365,2025-10-08,Discharge Summary,Provider SYN-30,"SYNTHETIC TRAINING NOTE (Discharge Summary) for analytics practice in Nephrology. Status recorded as ""complete"" for training purposes only. Follow-up scheduling, documentation completeness, and coding status were reviewed."
SYN-N-00195,SYN-P-00274,SYN-E-001369,2025-10-07,ED Note,Provider SYN-34,"SYNTHETIC TRAINING NOTE (ED Note) for analytics practice in Emergency. This record is fictional, generated for a data engineering workshop. Workflow steps ""intake, review, handoff"" were documented, with no clinical guidance implied."
SYN-N-00196,SYN-P-00207,SYN-E-001374,2025-10-12,Discharge Summary,Provider SYN-31,"SYNTHETIC TRAINING NOTE (Discharge Summary) for analytics practice in Orthopedics.\nFollow-up scheduling, documentation completeness, and coding status were reviewed.\nThis record is fictional, generated for a data engineering workshop."
SYN-N-00197,SYN-P-00010,SYN-E-001377,2025-10-10,Progress Note,Provider SYN-21,"SYNTHETIC TRAINING NOTE (Progress Note) for analytics practice in Internal Medicine. Status recorded as ""complete"" for training purposes only. Follow-up scheduling, documentation completeness, and coding status were reviewed."
SYN-N-00198,SYN-P-00183,SYN-E-001381,2025-10-13,Progress Note,Provider SYN-60,"SYNTHETIC TRAINING NOTE (Progress Note) for analytics practice in Pulmonology. Workflow steps ""intake, review, handoff"" were documented, with no clinical guidance implied. This record is fictional, generated for a data engineering workshop."
SYN-N-00199,SYN-P-00256,SYN-E-001386,2025-10-16,Progress Note,Provider SYN-24,"SYNTHETIC TRAINING NOTE (Progress Note) for analytics practice in Internal Medicine. This record is fictional, generated for a data engineering workshop. Status recorded as ""complete"" for training purposes only."
SYN-N-00200,SYN-P-00131,SYN-E-001388,2025-10-26,Discharge Summary,Provider SYN-06,"SYNTHETIC TRAINING NOTE (Discharge Summary) for analytics practice in Pulmonology. Status recorded as ""complete"" for training purposes only. Workflow steps ""intake, review, handoff"" were documented, with no clinical guidance implied."
SYN-N-00201,SYN-P-00061,SYN-E-001389,2025-10-21,Consult Note,Provider SYN-59,"SYNTHETIC TRAINING NOTE (Consult Note) for analytics practice in Cardiology.\nFollow-up scheduling, documentation completeness, and coding status were reviewed.\nWorkflow steps ""intake, review, handoff"" were documented, with no clinical guidance implied."
SYN-N-00202,SYN-P-00260,SYN-E-001399,2025-10-28,Consult Note,Provider SYN-17,"SYNTHETIC TRAINING NOTE (Consult Note) for analytics practice in Cardiology.\nStatus recorded as ""complete"" for training purposes only.\nWorkflow steps ""intake, review, handoff"" were documented, with no clinical guidance implied."
SYN-N-00203,SYN-P-00260,SYN-E-001399,2025-11-04,Discharge Summary,Provider SYN-02,"SYNTHETIC TRAINING NOTE (Discharge Summary) for analytics practice in Cardiology. Status recorded as ""complete"" for training purposes only. Workflow steps ""intake, review, handoff"" were documented, with no clinical guidance implied."
SYN-N-00204,SYN-P-00035,SYN-E-001403,2025-11-15,Discharge Summary,Provider SYN-11,"SYNTHETIC TRAINING NOTE (Discharge Summary) for analytics practice in Internal Medicine.\nStatus recorded as ""complete"" for training purposes only.\nFollow-up scheduling, documentation completeness, and coding status were reviewed."
SYN-N-00205,SYN-P-00290,SYN-E-001413,2025-11-07,Consult Note,Provider SYN-53,"SYNTHETIC TRAINING NOTE (Consult Note) for analytics practice in Pulmonology. Workflow steps ""intake, review, handoff"" were documented, with no clinical guidance implied. Status recorded as ""complete"" for training purposes only."
SYN-N-00206,SYN-P-00172,SYN-E-001414,2025-11-13,Discharge Summary,Provider SYN-54,"SYNTHETIC TRAINING NOTE (Discharge Summary) for analytics practice in Internal Medicine.\nFollow-up scheduling, documentation completeness, and coding status were reviewed.\nThis record is fictional, generated for a data engineering workshop."
SYN-N-00207,SYN-P-00208,SYN-E-001419,2025-11-09,ED Note,Provider SYN-22,"SYNTHETIC TRAINING NOTE (ED Note) for analytics practice in Emergency. Follow-up scheduling, documentation completeness, and coding status were reviewed. This record is fictional, generated for a data engineering workshop."
SYN-N-00208,SYN-P-00180,SYN-E-001423,2025-11-11,ED Note,Provider SYN-49,"SYNTHETIC TRAINING NOTE (ED Note) for analytics practice in Emergency. Workflow steps ""intake, review, handoff"" were documented, with no clinical guidance implied. Status recorded as ""complete"" for training purposes only."
SYN-N-00209,SYN-P-00235,SYN-E-001432,2025-11-24,Discharge Summary,Provider SYN-53,"SYNTHETIC TRAINING NOTE (Discharge Summary) for analytics practice in Internal Medicine.\nFollow-up scheduling, documentation completeness, and coding status were reviewed.\nWorkflow steps ""intake, review, handoff"" were documented, with no clinical guidance implied."
SYN-N-00210,SYN-P-00235,SYN-E-001432,2025-11-24,Discharge Summary,Provider SYN-38,"SYNTHETIC TRAINING NOTE (Discharge Summary) for analytics practice in Internal Medicine. This record is fictional, generated for a data engineering workshop. Status recorded as ""complete"" for training purposes only."
SYN-N-00211,SYN-P-00234,SYN-E-001435,2025-11-21,ED Note,Provider SYN-35,"SYNTHETIC TRAINING NOTE (ED Note) for analytics practice in Emergency.\nStatus recorded as ""complete"" for training purposes only.\nThis record is fictional, generated for a data engineering workshop."
SYN-N-00212,SYN-P-00221,SYN-E-001442,2025-11-25,Progress Note,Provider SYN-47,"SYNTHETIC TRAINING NOTE (Progress Note) for analytics practice in Neurology. Follow-up scheduling, documentation completeness, and coding status were reviewed. Workflow steps ""intake, review, handoff"" were documented, with no clinical guidance implied."
SYN-N-00213,SYN-P-00221,SYN-E-001442,2025-11-28,Discharge Summary,Provider SYN-40,"SYNTHETIC TRAINING NOTE (Discharge Summary) for analytics practice in Neurology. Status recorded as ""complete"" for training purposes only. This record is fictional, generated for a data engineering workshop."
SYN-N-00214,SYN-P-00174,SYN-E-001447,2025-11-29,Progress Note,Provider SYN-59,"SYNTHETIC TRAINING NOTE (Progress Note) for analytics practice in Nephrology.\nFollow-up scheduling, documentation completeness, and coding status were reviewed.\nWorkflow steps ""intake, review, handoff"" were documented, with no clinical guidance implied."
SYN-N-00215,SYN-P-00010,SYN-E-001460,2025-12-04,Consult Note,Provider SYN-04,"SYNTHETIC TRAINING NOTE (Consult Note) for analytics practice in Neurology.\nFollow-up scheduling, documentation completeness, and coding status were reviewed.\nStatus recorded as ""complete"" for training purposes only."
SYN-N-00216,SYN-P-00143,SYN-E-001463,2025-12-09,Discharge Summary,Provider SYN-07,"SYNTHETIC TRAINING NOTE (Discharge Summary) for analytics practice in Pulmonology. This record is fictional, generated for a data engineering workshop. Workflow steps ""intake, review, handoff"" were documented, with no clinical guidance implied."
SYN-N-00217,SYN-P-00180,SYN-E-001484,2025-12-23,Discharge Summary,Provider SYN-03,"SYNTHETIC TRAINING NOTE (Discharge Summary) for analytics practice in Pulmonology.\nThis record is fictional, generated for a data engineering workshop.\nStatus recorded as ""complete"" for training purposes only."
SYN-N-00218,SYN-P-00080,SYN-E-001488,2025-12-25,ED Note,Provider SYN-54,"SYNTHETIC TRAINING NOTE (ED Note) for analytics practice in Emergency.\nWorkflow steps ""intake, review, handoff"" were documented, with no clinical guidance implied.\nStatus recorded as ""complete"" for training purposes only."
SYN-N-00219,SYN-P-00225,SYN-E-001494,2025-12-27,ED Note,Provider SYN-13,"SYNTHETIC TRAINING NOTE (ED Note) for analytics practice in Emergency. Follow-up scheduling, documentation completeness, and coding status were reviewed. This record is fictional, generated for a data engineering workshop."
SYN-N-00220,SYN-P-00225,SYN-E-001494,2025-12-27,ED Note,Provider SYN-50,"SYNTHETIC TRAINING NOTE (ED Note) for analytics practice in Emergency.\nFollow-up scheduling, documentation completeness, and coding status were reviewed.\nThis record is fictional, generated for a data engineering workshop."
