patient_id,first_name,last_name,date_of_birth,age,gender,race,zip_code,city,state,insurance_type,primary_care_provider,risk_score
SYN-P-00001,Skyler,Quarrystone,1982-08-03,43,Female,White,00069,Cedar Mesa,ZZ,Commercial,Provider SYN-19,0.30
SYN-P-00002,Jordan,Ashgrove,1960-03-06,65,Male,White,00038,Cedar Mesa,ZZ,Medicare,Provider SYN-25,0.37
SYN-P-00003,Kendall,Juniperra,1981-12-04,44,Unknown,Hispanic or Latino,00092,Maple Ridge,ZZ,Medicaid,Provider SYN-32,0.20
SYN-P-00004,Reese,Stonebridge,2015-10-05,10,Female,White,00079,Northbrook Vale,ZZ,Commercial,Provider SYN-02,0.04
SYN-P-00005,Casey,Fernhollow,1972-12-03,53,Male,Black or African American,00009,Maple Ridge,ZZ,Medicaid,Provider SYN-12,0.33
SYN-P-00006,Kendall,Juniperra,1952-03-14,73,Female,White,00069,Cedar Mesa,ZZ,Medicare,Provider SYN-24,0.85
SYN-P-00007,Jordan,Glenbrook,1982-07-03,43,Female,White,00077,Stonefield,ZZ,Commercial,Provider SYN-22,0.21
SYN-P-00008,Bellamy,Northvale,1964-02-20,61,Female,White,00077,Cedar Mesa,ZZ,Commercial,Provider SYN-13,0.54
SYN-P-00009,Cameron,Ravensmere,1965-02-17,60,Male,White,00039,Harbor Point,ZZ,Commercial,Provider SYN-09,0.16
SYN-P-00010,Parker,Pinecrest,1955-08-26,70,Female,White,00033,Maple Ridge,ZZ,Medicare,Provider SYN-09,0.45
SYN-P-00011,Hollis,Oakhurst,1980-09-23,45,Male,White,00094,Harbor Point,ZZ,Self-Pay,Provider SYN-23,0.39
SYN-P-00012,Casey,Ravensmere,1970-04-06,55,Male,Black or African American,00002,Stonefield,ZZ,Commercial,Provider SYN-31,0.16
SYN-P-00013,Morgan,Cindervale,1952-06-27,73,Female,Asian,00068,Stonefield,ZZ,Medicare,Provider SYN-25,0.74
SYN-P-00014,Jamie,Oakhurst,1970-04-26,55,Female,Black or African American,00011,Northbrook Vale,ZZ,Self-Pay,Provider SYN-13,0.35
SYN-P-00015,Jamie,Pinecrest,1964-07-28,61,Female,Two or More Races,00086,Stonefield,ZZ,Medicaid,Provider SYN-32,0.36
SYN-P-00016,Kendall,Glenbrook,1983-07-06,42,Female,Black or African American,00001,Maple Ridge,ZZ,Commercial,Provider SYN-36,0.18
SYN-P-00017,Skyler,Maplecrest,1985-08-17,40,Female,Hispanic or Latino,00026,Northbrook Vale,ZZ,Commercial,Provider SYN-35,0.13
SYN-P-00018,Rowan,Cindervale,2008-01-19,17,Female,White,00069,Cedar Mesa,ZZ,Commercial,Provider SYN-32,0.06
SYN-P-00019,Sage,Stonebridge,1988-09-19,37,Male,White,00024,Cedar Mesa,ZZ,Medicaid,Provider SYN-04,0.25
SYN-P-00020,Sage,Dunmore,1978-04-23,47,Male,Hispanic or Latino,00013,Maple Ridge,ZZ,Commercial,Provider SYN-21,0.33
SYN-P-00021,Devon,Juniperra,1954-08-19,71,Male,Hispanic or Latino,00050,Cedar Mesa,ZZ,Medicare,Provider SYN-16,0.59
SYN-P-00022,Jordan,Brookmere,1976-10-31,49,Male,White,00062,Harbor Point,ZZ,Medicaid,Provider SYN-35,0.23
SYN-P-00023,Finley,Oakhurst,1970-06-03,55,Male,Hispanic or Latino,00084,Harbor Point,ZZ,Medicaid,Provider SYN-05,0.22
SYN-P-00024,Avery,Brookmere,1953-03-12,72,Female,Hispanic or Latino,00051,Stonefield,ZZ,Medicare,Provider SYN-36,0.44
SYN-P-00025,Ellis,Elmsworth,1995-04-12,30,Female,Hispanic or Latino,00019,Riverbend Hollow,ZZ,Commercial,Provider SYN-31,0.31
SYN-P-00026,Rowan,Maplecrest,1959-12-08,66,Male,Hispanic or Latino,00014,Riverbend Hollow,ZZ,Medicare,Provider SYN-08,0.32
SYN-P-00027,Bellamy,Kestrelton,1955-08-21,70,Female,White,00027,Northbrook Vale,ZZ,Commercial,Provider SYN-16,0.46
SYN-P-00028,Bellamy,Ashgrove,1938-02-24,87,Female,White,00024,Cedar Mesa,ZZ,Commercial,Provider SYN-30,0.76
SYN-P-00029,Hollis,Elmsworth,1964-02-08,61,Female,White,00044,Stonefield,ZZ,Commercial,Provider SYN-11,0.54
SYN-P-00030,Harper,Glenbrook,1947-05-13,78,Male,White,00098,Harbor Point,ZZ,Medicare,Provider SYN-36,0.57
SYN-P-00031,Avery,Quarrystone,1989-12-19,36,Female,White,00053,Harbor Point,ZZ,Commercial,Provider SYN-18,0.28
SYN-P-00032,Dakota,Kestrelton,1954-09-16,71,Male,White,00076,Riverbend Hollow,ZZ,Medicare,Provider SYN-14,0.51
SYN-P-00033,Arden,Pinecrest,1965-12-19,60,Female,Asian,00016,Cedar Mesa,ZZ,Commercial,Provider SYN-24,0.28
SYN-P-00034,Dakota,Kestrelton,1979-10-18,46,Male,Asian,00023,Cedar Mesa,ZZ,Medicaid,Provider SYN-40,0.12
SYN-P-00035,Reese,Glenbrook,1962-07-21,63,Male,Black or African American,00019,Maple Ridge,ZZ,Commercial,Provider SYN-40,0.65
SYN-P-00036,Kendall,Northvale,1975-07-08,50,Female,Hispanic or Latino,00013,Harbor Point,ZZ,Medicaid,Provider SYN-24,0.24
SYN-P-00037,Kendall,Brookmere,1978-02-01,47,Female,White,00071,Riverbend Hollow,ZZ,Commercial,Provider SYN-31,0.31
SYN-P-00038,Dakota,Elmsworth,1938-08-02,87,Female,Black or African American,00091,Cedar Mesa,ZZ,Commercial,Provider SYN-14,0.55
SYN-P-00039,Riley,Thornfield,1948-07-27,77,Female,Black or African American,00094,Maple Ridge,ZZ,Commercial,Provider SYN-03,0.61
SYN-P-00040,Harper,Elmsworth,1987-01-18,38,Female,White,00032,Northbrook Vale,ZZ,Commercial,Provider SYN-01,0.40
SYN-P-00041,Finley,Juniperra,1944-04-16,81,Male,Black or African American,00040,Stonefield,ZZ,Medicare,Provider SYN-27,0.71
SYN-P-00042,Casey,Hollowell,1988-11-08,37,Male,White,00026,Riverbend Hollow,ZZ,Medicaid,Provider SYN-15,0.43
SYN-P-00043,Jamie,Ravensmere,1955-01-13,70,Female,White,00036,Riverbend Hollow,ZZ,Medicare,Provider SYN-13,0.56
SYN-P-00044,Blake,Quarrystone,1986-10-10,39,Female,Black or African American,00015,Stonefield,ZZ,Medicaid,Provider SYN-29,0.17
SYN-P-00045,Riley,Ravensmere,1971-07-27,54,Male,Hispanic or Latino,00030,Northbrook Vale,ZZ,Commercial,Provider SYN-02,0.61
SYN-P-00046,Arden,Juniperra,1991-07-23,34,Male,White,00010,Cedar Mesa,ZZ,Commercial,Provider SYN-31,0.13
SYN-P-00047,Quinn,Glenbrook,1992-06-14,33,Female,White,00086,Northbrook Vale,ZZ,Commercial,Provider SYN-05,0.24
SYN-P-00048,Reese,Elmsworth,1956-04-27,69,Female,Black or African American,00007,Maple Ridge,ZZ,Medicare,Provider SYN-16,0.76
SYN-P-00049,Casey,Stonebridge,1994-10-11,31,Male,White,00029,Harbor Point,ZZ,Commercial,Provider SYN-17,0.23
SYN-P-00050,Sage,Ashgrove,1992-10-15,33,Male,Black or African American,00024,Riverbend Hollow,ZZ,Commercial,Provider SYN-11,0.15
SYN-P-00051,Bellamy,Pinecrest,1954-03-22,71,Female,White,00008,Northbrook Vale,ZZ,Commercial,Provider SYN-40,0.76
SYN-P-00052,Arden,Maplecrest,1956-03-08,69,Male,White,00002,Cedar Mesa,ZZ,Commercial,Provider SYN-37,0.54
SYN-P-00053,Dakota,Ashgrove,1949-05-22,76,Female,Black or African American,00056,Harbor Point,ZZ,Medicare,Provider SYN-30,0.87
SYN-P-00054,Finley,Fernhollow,2005-10-09,20,Male,White,00057,Riverbend Hollow,ZZ,Commercial,Provider SYN-12,0.19
SYN-P-00055,Avery,Kestrelton,1982-03-29,43,Female,Other,00089,Cedar Mesa,ZZ,Commercial,Provider SYN-15,0.12
SYN-P-00056,Dakota,Oakhurst,1957-12-20,68,Male,Black or African American,00030,Riverbend Hollow,ZZ,Commercial,Provider SYN-40,0.78
SYN-P-00057,Cameron,Ashgrove,1945-05-04,80,Female,Asian,00028,Maple Ridge,ZZ,Medicare,Provider SYN-04,0.93
SYN-P-00058,Parker,Pinecrest,1986-11-28,39,Male,White,00081,Cedar Mesa,ZZ,Medicaid,Provider SYN-36,0.13
SYN-P-00059,Reese,Thornfield,1972-07-22,53,Female,Hispanic or Latino,00095,Cedar Mesa,ZZ,Medicaid,Provider SYN-04,0.27
SYN-P-00060,Hollis,Elmsworth,1991-12-09,34,Male,Hispanic or Latino,00058,Stonefield,ZZ,Medicaid,Provider SYN-22,0.30
SYN-P-00061,Hollis,Ironwood,1952-01-16,73,Male,White,00005,Northbrook Vale,ZZ,Medicare,Provider SYN-11,0.57
SYN-P-00062,Logan,Elmsworth,1969-09-17,56,Male,Hispanic or Latino,00075,Northbrook Vale,ZZ,Commercial,Provider SYN-33,0.41
SYN-P-00063,Jordan,Maplecrest,1964-09-23,61,Female,White,00049,Cedar Mesa,ZZ,Commercial,Provider SYN-15,0.27
SYN-P-00064,Cameron,Maplecrest,1951-01-14,74,Male,Hispanic or Latino,00084,Cedar Mesa,ZZ,Commercial,Provider SYN-03,0.59
SYN-P-00065,Arden,Dunmore,1952-06-19,73,Male,Black or African American,00022,Maple Ridge,ZZ,Commercial,Provider SYN-12,0.46
SYN-P-00066,Avery,Northvale,1939-12-21,86,Male,Hispanic or Latino,00045,Riverbend Hollow,ZZ,Medicare,Provider SYN-37,0.78
SYN-P-00067,Kendall,Ashgrove,1959-02-21,66,Female,Hispanic or Latino,00053,Riverbend Hollow,ZZ,Commercial,Provider SYN-10,0.44
SYN-P-00068,Kendall,Quarrystone,1964-08-31,61,Male,White,00088,Northbrook Vale,ZZ,Commercial,Provider SYN-06,0.30
SYN-P-00069,Bellamy,Fernhollow,1947-06-29,78,Female,White,00043,Harbor Point,ZZ,Commercial,Provider SYN-12,0.52
SYN-P-00070,Quinn,Ironwood,1994-03-29,31,Female,Two or More Races,00023,Northbrook Vale,ZZ,Commercial,Provider SYN-31,0.19
SYN-P-00071,Emery,Ironwood,1965-12-22,60,Male,White,00093,Cedar Mesa,ZZ,Self-Pay,Provider SYN-24,0.25
SYN-P-00072,Jordan,Elmsworth,1952-08-09,73,Female,White,00007,Riverbend Hollow,ZZ,Medicare,Provider SYN-21,0.49
SYN-P-00073,Finley,Ashgrove,2019-12-18,6,Male,White,00024,Stonefield,ZZ,Medicaid,Provider SYN-39,0.13
SYN-P-00074,Skyler,Oakhurst,1995-06-26,30,Female,White,00076,Riverbend Hollow,ZZ,Commercial,Provider SYN-08,0.13
SYN-P-00075,Casey,Stonebridge,1979-05-02,46,Female,Other,00010,Northbrook Vale,ZZ,Commercial,Provider SYN-05,0.28
SYN-P-00076,Bellamy,Ashgrove,1975-10-03,50,Female,Black or African American,00043,Stonefield,ZZ,Commercial,Provider SYN-09,0.45
SYN-P-00077,Harper,Thornfield,1999-05-10,26,Male,Black or African American,00090,Maple Ridge,ZZ,Commercial,Provider SYN-14,0.15
SYN-P-00078,Sage,Stonebridge,2005-04-26,20,Female,White,00059,Riverbend Hollow,ZZ,Medicaid,Provider SYN-19,0.20
SYN-P-00079,Devon,Ashgrove,1948-09-22,77,Male,Other,00017,Stonefield,ZZ,Medicare,Provider SYN-18,0.49
SYN-P-00080,Jamie,Ashgrove,1969-09-17,56,Female,White,00037,Harbor Point,ZZ,Commercial,Provider SYN-20,0.24
SYN-P-00081,Riley,Juniperra,1970-04-22,55,Female,Black or African American,00016,Northbrook Vale,ZZ,Commercial,Provider SYN-15,0.22
SYN-P-00082,Taylor,Elmsworth,1945-05-23,80,Male,Asian,00059,Harbor Point,ZZ,Medicare,Provider SYN-22,0.20
SYN-P-00083,Harper,Ashgrove,1974-07-30,51,Female,Asian,00034,Riverbend Hollow,ZZ,Commercial,Provider SYN-07,0.20
SYN-P-00084,Taylor,Quarrystone,1943-10-23,82,Male,Asian,00033,Northbrook Vale,ZZ,Commercial,Provider SYN-11,0.33
SYN-P-00085,Sage,Quarrystone,1952-12-26,73,Female,White,00040,Riverbend Hollow,ZZ,Commercial,Provider SYN-01,0.72
SYN-P-00086,Jordan,Maplecrest,1968-02-08,57,Unknown,White,00051,Northbrook Vale,ZZ,Medicaid,Provider SYN-32,0.46
SYN-P-00087,Hollis,Elmsworth,1992-02-18,33,Unknown,White,00094,Maple Ridge,ZZ,Commercial,Provider SYN-21,0.13
SYN-P-00088,Finley,Cindervale,2002-10-01,23,Female,White,00071,Maple Ridge,ZZ,Medicaid,Provider SYN-13,0.33
SYN-P-00089,Quinn,Northvale,1958-04-12,67,Male,White,00072,Maple Ridge,ZZ,Medicare,Provider SYN-31,0.60
SYN-P-00090,Kendall,Cindervale,1989-09-17,36,Female,Asian,00060,Maple Ridge,ZZ,Medicaid,Provider SYN-38,0.15
SYN-P-00091,Avery,Juniperra,1959-10-13,66,Female,White,00069,Harbor Point,ZZ,Medicare,Provider SYN-22,0.67
SYN-P-00092,Cameron,Glenbrook,1961-11-24,64,Female,White,00096,Stonefield,ZZ,Commercial,Provider SYN-38,0.32
SYN-P-00093,Logan,Quarrystone,1964-09-03,61,Female,Hispanic or Latino,00075,Maple Ridge,ZZ,Commercial,Provider SYN-11,0.37
SYN-P-00094,Riley,Kestrelton,1941-11-01,84,Female,Two or More Races,00048,Cedar Mesa,ZZ,Medicare,Provider SYN-27,0.57
SYN-P-00095,Rowan,Glenbrook,1980-05-19,45,Female,Black or African American,00091,Northbrook Vale,ZZ,Self-Pay,Provider SYN-06,0.21
SYN-P-00096,Cameron,Elmsworth,1958-06-20,67,Female,Two or More Races,00082,Cedar Mesa,ZZ,Medicare,Provider SYN-17,0.25
SYN-P-00097,Ellis,Kestrelton,2008-07-11,17,Female,Hispanic or Latino,00078,Northbrook Vale,ZZ,Commercial,Provider SYN-17,0.25
SYN-P-00098,Reese,Ravensmere,1966-07-22,59,Female,White,00060,Riverbend Hollow,ZZ,Commercial,Provider SYN-35,0.38
SYN-P-00099,Emery,Thornfield,1980-04-05,45,Male,Asian,00030,Harbor Point,ZZ,Medicaid,Provider SYN-24,0.43
SYN-P-00100,Logan,Ironwood,2003-07-17,22,Male,Asian,00058,Northbrook Vale,ZZ,Medicaid,Provider SYN-09,0.16
SYN-P-00101,Jamie,Maplecrest,1966-03-06,59,Male,Asian,00053,Maple Ridge,ZZ,Medicaid,Provider SYN-15,0.29
SYN-P-00102,Finley,Glenbrook,1987-01-11,38,Male,Hispanic or Latino,00098,Northbrook Vale,ZZ,Commercial,Provider SYN-24,0.33
SYN-P-00103,Rowan,Glenbrook,1979-02-26,46,Female,Other,00027,Riverbend Hollow,ZZ,Commercial,Provider SYN-40,0.22
SYN-P-00104,Parker,Quarrystone,1984-12-13,41,Female,White,00011,Stonefield,ZZ,Self-Pay,Provider SYN-16,0.26
SYN-P-00105,Reese,Kestrelton,1988-06-17,37,Female,Black or African American,00025,Maple Ridge,ZZ,Commercial,Provider SYN-35,0.35
SYN-P-00106,Rowan,Brookmere,1958-09-08,67,Female,Hispanic or Latino,00096,Maple Ridge,ZZ,Medicare,Provider SYN-15,0.59
SYN-P-00107,Arden,Fernhollow,1969-02-05,56,Female,White,00066,Cedar Mesa,ZZ,Commercial,Provider SYN-02,0.37
SYN-P-00108,Finley,Hollowell,1975-06-07,50,Female,White,00096,Stonefield,ZZ,Medicaid,Provider SYN-31,0.26
SYN-P-00109,Blake,Ashgrove,1954-10-28,71,Female,Other,00066,Riverbend Hollow,ZZ,Medicare,Provider SYN-23,0.37
SYN-P-00110,Sage,Fernhollow,1995-06-24,30,Male,White,00002,Riverbend Hollow,ZZ,Self-Pay,Provider SYN-12,0.23
SYN-P-00111,Jamie,Ironwood,1967-04-12,58,Male,White,00071,Harbor Point,ZZ,Commercial,Provider SYN-12,0.36
SYN-P-00112,Devon,Ashgrove,1958-06-23,67,Female,Black or African American,00039,Northbrook Vale,ZZ,Medicare,Provider SYN-39,0.88
SYN-P-00113,Ellis,Juniperra,1988-11-07,37,Male,White,00016,Maple Ridge,ZZ,Medicaid,Provider SYN-15,0.30
SYN-P-00114,Morgan,Pinecrest,1974-07-19,51,Male,Black or African American,00015,Harbor Point,ZZ,Medicaid,Provider SYN-09,0.34
SYN-P-00115,Devon,Thornfield,1980-01-13,45,Female,Hispanic or Latino,00078,Cedar Mesa,ZZ,Commercial,Provider SYN-09,0.22
SYN-P-00116,Jamie,Juniperra,1996-12-28,29,Female,White,00066,Harbor Point,ZZ,Commercial,Provider SYN-19,0.23
SYN-P-00117,Parker,Quarrystone,1964-06-12,61,Male,Asian,00056,Harbor Point,ZZ,Self-Pay,Provider SYN-31,0.20
SYN-P-00118,Parker,Glenbrook,1947-08-05,78,Female,Hispanic or Latino,00077,Riverbend Hollow,ZZ,Medicare,Provider SYN-08,0.33
SYN-P-00119,Dakota,Pinecrest,1988-07-29,37,Male,Black or African American,00084,Stonefield,ZZ,Commercial,Provider SYN-10,0.28
SYN-P-00120,Kendall,Quarrystone,1977-12-03,48,Male,White,00096,Cedar Mesa,ZZ,Self-Pay,Provider SYN-13,0.68
SYN-P-00121,Arden,Elmsworth,1967-12-07,58,Female,Black or African American,00098,Maple Ridge,ZZ,Medicaid,Provider SYN-03,0.34
SYN-P-00122,Harper,Oakhurst,1996-12-29,29,Female,Black or African American,00014,Riverbend Hollow,ZZ,Self-Pay,Provider SYN-31,0.26
SYN-P-00123,Casey,Larchmont,1955-10-23,70,Male,Asian,00058,Stonefield,ZZ,Commercial,Provider SYN-30,0.40
SYN-P-00124,Hollis,Cindervale,1956-08-28,69,Female,White,00001,Riverbend Hollow,ZZ,Medicare,Provider SYN-10,0.39
SYN-P-00125,Finley,Stonebridge,1936-05-23,89,Male,White,00037,Harbor Point,ZZ,Medicare,Provider SYN-08,0.53
SYN-P-00126,Ellis,Hollowell,2009-06-10,16,Female,Black or African American,00005,Harbor Point,ZZ,Medicaid,Provider SYN-04,0.11
SYN-P-00127,Skyler,Larchmont,2012-01-08,13,Male,Black or African American,00005,Riverbend Hollow,ZZ,Commercial,Provider SYN-36,0.15
SYN-P-00128,Jordan,Brookmere,1967-06-17,58,Female,White,00043,Cedar Mesa,ZZ,Commercial,Provider SYN-37,0.52
SYN-P-00129,Finley,Brookmere,1944-11-04,81,Male,Hispanic or Latino,00052,Maple Ridge,ZZ,Medicare,Provider SYN-01,0.59
SYN-P-00130,Casey,Maplecrest,1939-05-15,86,Female,White,00058,Harbor Point,ZZ,Medicare,Provider SYN-22,0.67
SYN-P-00131,Finley,Northvale,1955-04-15,70,Female,White,00001,Maple Ridge,ZZ,Medicare,Provider SYN-37,0.31
SYN-P-00132,Logan,Thornfield,1950-12-24,75,Female,White,00094,Cedar Mesa,ZZ,Commercial,Provider SYN-36,0.48
SYN-P-00133,Harper,Brookmere,1998-12-12,27,Male,Black or African American,00076,Harbor Point,ZZ,Commercial,Provider SYN-16,0.24
SYN-P-00134,Hollis,Maplecrest,1972-09-04,53,Female,White,00079,Riverbend Hollow,ZZ,Commercial,Provider SYN-18,0.18
SYN-P-00135,Hollis,Northvale,1967-10-04,58,Female,Other,00021,Stonefield,ZZ,Commercial,Provider SYN-20,0.22
SYN-P-00136,Avery,Maplecrest,2002-11-05,23,Male,Black or African American,00054,Northbrook Vale,ZZ,Commercial,Provider SYN-33,0.15
SYN-P-00137,Rowan,Hollowell,1978-05-03,47,Female,White,00020,Maple Ridge,ZZ,Medicaid,Provider SYN-18,0.17
SYN-P-00138,Quinn,Dunmore,1953-06-24,72,Male,White,00036,Northbrook Vale,ZZ,Medicare,Provider SYN-38,0.61
SYN-P-00139,Devon,Ashgrove,1949-02-20,76,Female,Black or African American,00056,Northbrook Vale,ZZ,Medicare,Provider SYN-36,0.37
SYN-P-00140,Morgan,Kestrelton,1972-02-10,53,Female,Black or African American,00016,Riverbend Hollow,ZZ,Self-Pay,Provider SYN-34,0.47
SYN-P-00141,Devon,Fernhollow,2019-01-14,6,Female,Two or More Races,00008,Stonefield,ZZ,Commercial,Provider SYN-39,0.16
SYN-P-00142,Finley,Fernhollow,1946-02-14,79,Female,White,00099,Stonefield,ZZ,Commercial,Provider SYN-30,0.44
SYN-P-00143,Morgan,Glenbrook,1947-04-21,78,Male,Hispanic or Latino,00003,Cedar Mesa,ZZ,Medicare,Provider SYN-37,0.60
SYN-P-00144,Bellamy,Glenbrook,1956-04-06,69,Male,Other,00092,Harbor Point,ZZ,Medicare,Provider SYN-29,0.32
SYN-P-00145,Rowan,Ironwood,1961-11-20,64,Male,Asian,00095,Maple Ridge,ZZ,Self-Pay,Provider SYN-31,0.30
SYN-P-00146,Sage,Pinecrest,1986-08-23,39,Male,White,00095,Riverbend Hollow,ZZ,Commercial,Provider SYN-39,0.37
SYN-P-00147,Cameron,Glenbrook,1997-10-26,28,Male,Black or African American,00038,Stonefield,ZZ,Medicaid,Provider SYN-37,0.09
SYN-P-00148,Reese,Brookmere,1989-05-04,36,Female,Asian,00032,Cedar Mesa,ZZ,Commercial,Provider SYN-40,0.25
SYN-P-00149,Harper,Kestrelton,1968-02-12,57,Male,White,00040,Harbor Point,ZZ,Commercial,Provider SYN-26,0.54
SYN-P-00150,Quinn,Maplecrest,1998-05-29,27,Male,Black or African American,00092,Cedar Mesa,ZZ,Medicaid,Provider SYN-27,0.10
SYN-P-00151,Avery,Thornfield,2000-11-18,25,Female,White,00029,Maple Ridge,ZZ,Commercial,Provider SYN-26,0.12
SYN-P-00152,Jamie,Ashgrove,1956-08-26,69,Female,White,00044,Riverbend Hollow,ZZ,Medicare,Provider SYN-32,0.48
SYN-P-00153,Reese,Ashgrove,2010-08-18,15,Male,Asian,00077,Riverbend Hollow,ZZ,Medicaid,Provider SYN-37,0.14
SYN-P-00154,Parker,Fernhollow,1957-09-01,68,Male,Hispanic or Latino,00079,Stonefield,ZZ,Medicare,Provider SYN-38,0.29
SYN-P-00155,Sage,Glenbrook,2015-04-04,10,Female,White,00066,Riverbend Hollow,ZZ,Commercial,Provider SYN-24,0.08
SYN-P-00156,Emery,Juniperra,1997-11-13,28,Male,White,00031,Riverbend Hollow,ZZ,Medicaid,Provider SYN-33,0.51
SYN-P-00157,Logan,Thornfield,1951-03-25,74,Female,Asian,00031,Maple Ridge,ZZ,Medicare,Provider SYN-23,0.47
SYN-P-00158,Avery,Ashgrove,1978-05-20,47,Female,Hispanic or Latino,00012,Maple Ridge,ZZ,Commercial,Provider SYN-37,0.17
SYN-P-00159,Logan,Fernhollow,1983-09-04,42,Female,White,00020,Harbor Point,ZZ,Commercial,Provider SYN-31,0.40
SYN-P-00160,Blake,Pinecrest,1938-06-11,87,Male,White,00051,Northbrook Vale,ZZ,Medicare,Provider SYN-34,0.54
SYN-P-00161,Ellis,Oakhurst,1987-11-02,38,Female,Two or More Races,00037,Cedar Mesa,ZZ,Self-Pay,Provider SYN-39,0.23
SYN-P-00162,Jordan,Quarrystone,1968-07-04,57,Female,White,00020,Stonefield,ZZ,Self-Pay,Provider SYN-07,0.58
SYN-P-00163,Ellis,Kestrelton,1963-08-26,62,Female,Asian,00056,Stonefield,ZZ,Commercial,Provider SYN-01,0.84
SYN-P-00164,Finley,Oakhurst,1959-10-12,66,Female,White,00018,Stonefield,ZZ,Commercial,Provider SYN-12,0.47
SYN-P-00165,Sage,Fernhollow,1975-01-16,50,Female,Hispanic or Latino,00088,Stonefield,ZZ,Self-Pay,Provider SYN-26,0.36
SYN-P-00166,Jordan,Brookmere,1945-07-13,80,Female,Black or African American,00094,Stonefield,ZZ,Medicare,Provider SYN-15,0.59
SYN-P-00167,Quinn,Ironwood,1961-09-22,64,Female,White,00082,Northbrook Vale,ZZ,Self-Pay,Provider SYN-35,0.46
SYN-P-00168,Jordan,Ashgrove,1981-01-23,44,Female,Other,00021,Northbrook Vale,ZZ,Commercial,Provider SYN-26,0.19
SYN-P-00169,Arden,Stonebridge,1990-12-01,35,Male,White,00095,Maple Ridge,ZZ,Medicaid,Provider SYN-37,0.22
SYN-P-00170,Kendall,Oakhurst,1945-12-12,80,Female,Other,00036,Riverbend Hollow,ZZ,Commercial,Provider SYN-19,0.52
SYN-P-00171,Kendall,Ashgrove,1947-05-03,78,Male,White,00023,Stonefield,ZZ,Medicare,Provider SYN-38,0.47
SYN-P-00172,Casey,Larchmont,1959-04-23,66,Male,Asian,00075,Cedar Mesa,ZZ,Medicare,Provider SYN-23,0.66
SYN-P-00173,Ellis,Pinecrest,2002-02-14,23,Male,White,00019,Northbrook Vale,ZZ,Commercial,Provider SYN-20,0.09
SYN-P-00174,Cameron,Ravensmere,1936-05-12,89,Male,White,00002,Cedar Mesa,ZZ,Commercial,Provider SYN-17,0.59
SYN-P-00175,Emery,Maplecrest,1957-01-17,68,Female,White,00074,Riverbend Hollow,ZZ,Commercial,Provider SYN-28,0.27
SYN-P-00176,Devon,Juniperra,1954-07-25,71,Male,White,00069,Riverbend Hollow,ZZ,Medicare,Provider SYN-30,0.55
SYN-P-00177,Ellis,Larchmont,1999-12-27,26,Male,Hispanic or Latino,00081,Stonefield,ZZ,Medicaid,Provider SYN-18,0.10
SYN-P-00178,Morgan,Hollowell,1968-01-22,57,Male,Black or African American,00053,Cedar Mesa,ZZ,Medicaid,Provider SYN-36,0.28
SYN-P-00179,Harper,Northvale,1978-03-28,47,Female,White,00060,Stonefield,ZZ,Commercial,Provider SYN-26,0.63
SYN-P-00180,Sage,Ashgrove,1954-12-19,71,Female,White,00019,Harbor Point,ZZ,Medicare,Provider SYN-01,0.74
SYN-P-00181,Blake,Fernhollow,1938-04-06,87,Female,Hispanic or Latino,00049,Cedar Mesa,ZZ,Medicare,Provider SYN-13,0.32
SYN-P-00182,Casey,Fernhollow,1953-09-12,72,Female,White,00065,Harbor Point,ZZ,Medicare,Provider SYN-34,0.55
SYN-P-00183,Jordan,Fernhollow,1956-03-25,69,Male,White,00044,Cedar Mesa,ZZ,Medicare,Provider SYN-33,0.73
SYN-P-00184,Kendall,Dunmore,1948-01-15,77,Female,White,00029,Maple Ridge,ZZ,Commercial,Provider SYN-09,0.64
SYN-P-00185,Kendall,Dunmore,1973-10-04,52,Male,Black or African American,00061,Harbor Point,ZZ,Self-Pay,Provider SYN-37,0.37
SYN-P-00186,Finley,Oakhurst,1972-07-17,53,Female,Hispanic or Latino,00057,Northbrook Vale,ZZ,Commercial,Provider SYN-40,0.52
SYN-P-00187,Harper,Fernhollow,1978-07-14,47,Male,Asian,00017,Harbor Point,ZZ,Commercial,Provider SYN-08,0.20
SYN-P-00188,Cameron,Ravensmere,1959-09-01,66,Male,Black or African American,00057,Northbrook Vale,ZZ,Medicare,Provider SYN-38,0.44
SYN-P-00189,Devon,Larchmont,1975-05-23,50,Female,Two or More Races,00053,Cedar Mesa,ZZ,Commercial,Provider SYN-09,0.45
SYN-P-00190,Cameron,Northvale,2005-06-29,20,Female,Asian,00092,Harbor Point,ZZ,Commercial,Provider SYN-03,0.16
SYN-P-00191,Morgan,Fernhollow,1965-05-27,60,Male,White,00061,Riverbend Hollow,ZZ,Medicaid,Provider SYN-16,0.65
SYN-P-00192,Dakota,Quarrystone,1970-08-05,55,Female,Black or African American,00097,Maple Ridge,ZZ,Medicaid,Provider SYN-17,0.33
SYN-P-00193,Emery,Pinecrest,1939-08-18,86,Female,Other,00059,Maple Ridge,ZZ,Medicare,Provider SYN-33,0.36
SYN-P-00194,Ellis,Elmsworth,1979-12-07,46,Female,Black or African American,00014,Maple Ridge,ZZ,Self-Pay,Provider SYN-07,0.33
SYN-P-00195,Riley,Ravensmere,1931-11-15,94,Female,Hispanic or Latino,00027,Cedar Mesa,ZZ,Medicare,Provider SYN-25,0.73
SYN-P-00196,Bellamy,Oakhurst,1988-03-22,37,Male,Hispanic or Latino,00056,Stonefield,ZZ,Commercial,Provider SYN-20,0.41
SYN-P-00197,Cameron,Cindervale,1967-05-03,58,Male,Asian,00086,Riverbend Hollow,ZZ,Commercial,Provider SYN-17,0.49
SYN-P-00198,Avery,Fernhollow,1966-11-15,59,Male,White,00016,Riverbend Hollow,ZZ,Self-Pay,Provider SYN-09,0.64
SYN-P-00199,Finley,Ashgrove,1993-02-04,32,Female,Black or African American,00037,Harbor Point,ZZ,Commercial,Provider SYN-19,0.18
SYN-P-00200,Quinn,Maplecrest,1997-01-18,28,Male,Asian,00041,Riverbend Hollow,ZZ,Commercial,Provider SYN-25,0.31
SYN-P-00201,Jordan,Glenbrook,1952-05-31,73,Male,Hispanic or Latino,00053,Northbrook Vale,ZZ,Medicare,Provider SYN-02,0.33
SYN-P-00202,Morgan,Kestrelton,1973-04-28,52,Female,White,00023,Cedar Mesa,ZZ,Commercial,Provider SYN-39,0.39
SYN-P-00203,Jamie,Juniperra,1956-02-07,69,Female,Black or African American,00066,Riverbend Hollow,ZZ,Medicare,Provider SYN-35,0.41
SYN-P-00204,Casey,Fernhollow,1971-05-05,54,Female,White,00040,Riverbend Hollow,ZZ,Medicaid,Provider SYN-36,0.55
SYN-P-00205,Hollis,Dunmore,1987-02-24,38,Female,White,00080,Cedar Mesa,ZZ,Commercial,Provider SYN-26,0.17
SYN-P-00206,Taylor,Northvale,1977-08-09,48,Female,White,00087,Harbor Point,ZZ,Medicaid,Provider SYN-07,0.27
SYN-P-00207,Morgan,Ironwood,1953-10-23,72,Female,Black or African American,00019,Cedar Mesa,ZZ,Medicare,Provider SYN-16,0.65
SYN-P-00208,Hollis,Cindervale,1961-09-12,64,Female,Hispanic or Latino,00015,Maple Ridge,ZZ,Self-Pay,Provider SYN-02,0.34
SYN-P-00209,Logan,Elmsworth,2013-07-17,12,Male,White,00068,Riverbend Hollow,ZZ,Commercial,Provider SYN-22,0.13
SYN-P-00210,Quinn,Quarrystone,1984-05-03,41,Female,Hispanic or Latino,00017,Harbor Point,ZZ,Commercial,Provider SYN-15,0.52
SYN-P-00211,Avery,Kestrelton,1997-10-24,28,Female,Black or African American,00088,Maple Ridge,ZZ,Commercial,Provider SYN-25,0.11
SYN-P-00212,Arden,Ravensmere,1963-04-26,62,Male,White,00043,Riverbend Hollow,ZZ,Commercial,Provider SYN-14,0.25
SYN-P-00213,Logan,Ironwood,1950-04-18,75,Female,White,00074,Harbor Point,ZZ,Medicare,Provider SYN-08,0.84
SYN-P-00214,Taylor,Brookmere,1965-07-11,60,Unknown,White,00078,Harbor Point,ZZ,Commercial,Provider SYN-25,0.23
SYN-P-00215,Riley,Thornfield,1950-12-18,75,Male,White,00070,Cedar Mesa,ZZ,Commercial,Provider SYN-40,0.71
SYN-P-00216,Avery,Maplecrest,1956-11-20,69,Female,White,00081,Northbrook Vale,ZZ,Commercial,Provider SYN-17,0.43
SYN-P-00217,Blake,Quarrystone,1940-09-05,85,Female,White,00056,Northbrook Vale,ZZ,Medicare,Provider SYN-07,0.99
SYN-P-00218,Casey,Ironwood,1963-12-01,62,Female,Black or African American,00062,Northbrook Vale,ZZ,Commercial,Provider SYN-39,0.16
SYN-P-00219,Rowan,Ashgrove,1977-07-21,48,Female,White,00047,Riverbend Hollow,ZZ,Medicaid,Provider SYN-01,0.40
SYN-P-00220,Taylor,Ironwood,1992-11-04,33,Male,Other,00089,Harbor Point,ZZ,Commercial,Provider SYN-38,0.21
SYN-P-00221,Logan,Brookmere,1949-08-26,76,Male,White,00017,Maple Ridge,ZZ,Medicare,Provider SYN-05,0.62
SYN-P-00222,Taylor,Ravensmere,1976-11-03,49,Female,White,00070,Riverbend Hollow,ZZ,Commercial,Provider SYN-29,0.15
SYN-P-00223,Riley,Dunmore,1971-08-05,54,Female,Other,00046,Northbrook Vale,ZZ,Medicaid,Provider SYN-24,0.29
SYN-P-00224,Finley,Ashgrove,1971-06-11,54,Male,Hispanic or Latino,00036,Maple Ridge,ZZ,Commercial,Provider SYN-31,0.32
SYN-P-00225,Kendall,Ironwood,1935-11-26,90,Female,Black or African American,00001,Maple Ridge,ZZ,Commercial,Provider SYN-36,0.96
SYN-P-00226,Riley,Ravensmere,1970-12-07,55,Female,White,00052,Cedar Mesa,ZZ,Medicaid,Provider SYN-12,0.36
SYN-P-00227,Finley,Dunmore,1991-07-26,34,Female,Black or African American,00086,Cedar Mesa,ZZ,Commercial,Provider SYN-28,0.31
SYN-P-00228,Sage,Ravensmere,1951-12-11,74,Female,Black or African American,00022,Maple Ridge,ZZ,Commercial,Provider SYN-38,0.60
SYN-P-00229,Parker,Larchmont,1965-09-13,60,Male,Asian,00019,Harbor Point,ZZ,Commercial,Provider SYN-07,0.56
SYN-P-00230,Skyler,Larchmont,1987-07-26,38,Male,Black or African American,00016,Northbrook Vale,ZZ,Commercial,Provider SYN-36,0.32
SYN-P-00231,Taylor,Ravensmere,1974-06-07,51,Female,Black or African American,00001,Riverbend Hollow,ZZ,Commercial,Provider SYN-24,0.40
SYN-P-00232,Hollis,Pinecrest,1999-01-01,26,Male,White,00066,Stonefield,ZZ,Self-Pay,Provider SYN-17,0.08
SYN-P-00233,Devon,Glenbrook,1953-01-23,72,Male,White,00056,Cedar Mesa,ZZ,Medicare,Provider SYN-10,0.72
SYN-P-00234,Blake,Glenbrook,1998-05-25,27,Male,White,00052,Cedar Mesa,ZZ,Self-Pay,Provider SYN-33,0.36
SYN-P-00235,Finley,Stonebridge,1962-07-24,63,Female,White,00065,Cedar Mesa,ZZ,Medicaid,Provider SYN-16,0.60
SYN-P-00236,Morgan,Kestrelton,1934-03-29,91,Male,White,00093,Cedar Mesa,ZZ,Medicare,Provider SYN-10,0.84
SYN-P-00237,Taylor,Quarrystone,1962-08-08,63,Female,White,00013,Stonefield,ZZ,Medicaid,Provider SYN-15,0.24
SYN-P-00238,Emery,Northvale,1973-11-30,52,Female,Black or African American,00088,Harbor Point,ZZ,Commercial,Provider SYN-24,0.37
SYN-P-00239,Cameron,Northvale,1952-07-04,73,Female,Other,00044,Riverbend Hollow,ZZ,Medicare,Provider SYN-39,0.54
SYN-P-00240,Devon,Dunmore,1994-03-05,31,Female,White,00033,Harbor Point,ZZ,Self-Pay,Provider SYN-31,0.25
SYN-P-00241,Devon,Pinecrest,1955-08-25,70,Female,White,00071,Harbor Point,ZZ,Commercial,Provider SYN-21,0.63
SYN-P-00242,Jamie,Stonebridge,1941-12-04,84,Male,White,00088,Riverbend Hollow,ZZ,Medicare,Provider SYN-15,0.97
SYN-P-00243,Emery,Ravensmere,1998-11-23,27,Male,Hispanic or Latino,00021,Riverbend Hollow,ZZ,Commercial,Provider SYN-14,0.31
SYN-P-00244,Reese,Ravensmere,1943-08-03,82,Unknown,Asian,00092,Harbor Point,ZZ,Medicare,Provider SYN-12,0.50
SYN-P-00245,Rowan,Juniperra,1955-04-22,70,Male,Hispanic or Latino,00080,Cedar Mesa,ZZ,Commercial,Provider SYN-31,0.75
SYN-P-00246,Skyler,Juniperra,1965-04-24,60,Female,Hispanic or Latino,00048,Stonefield,ZZ,Commercial,Provider SYN-18,0.26
SYN-P-00247,Sage,Ironwood,2014-05-23,11,Female,White,00070,Harbor Point,ZZ,Commercial,Provider SYN-04,0.18
SYN-P-00248,Morgan,Kestrelton,1946-02-25,79,Male,Asian,00023,Harbor Point,ZZ,Commercial,Provider SYN-25,0.49
SYN-P-00249,Hollis,Stonebridge,1975-03-26,50,Female,Other,00077,Maple Ridge,ZZ,Self-Pay,Provider SYN-05,0.16
SYN-P-00250,Harper,Kestrelton,1984-09-11,41,Female,White,00031,Stonefield,ZZ,Medicaid,Provider SYN-04,0.30
SYN-P-00251,Hollis,Maplecrest,1960-08-19,65,Female,Hispanic or Latino,00007,Maple Ridge,ZZ,Commercial,Provider SYN-20,0.45
SYN-P-00252,Ellis,Ravensmere,2011-05-24,14,Female,Other,00071,Northbrook Vale,ZZ,Commercial,Provider SYN-32,0.06
SYN-P-00253,Blake,Thornfield,1991-07-30,34,Male,Hispanic or Latino,00052,Maple Ridge,ZZ,Medicaid,Provider SYN-30,0.13
SYN-P-00254,Riley,Ashgrove,1976-06-11,49,Female,White,00031,Riverbend Hollow,ZZ,Commercial,Provider SYN-22,0.45
SYN-P-00255,Kendall,Fernhollow,1942-07-31,83,Male,White,00033,Riverbend Hollow,ZZ,Medicare,Provider SYN-23,0.81
SYN-P-00256,Parker,Thornfield,1980-12-09,45,Male,White,00078,Harbor Point,ZZ,Self-Pay,Provider SYN-39,0.21
SYN-P-00257,Casey,Cindervale,1998-12-04,27,Male,Asian,00058,Riverbend Hollow,ZZ,Commercial,Provider SYN-11,0.31
SYN-P-00258,Cameron,Ashgrove,1978-08-02,47,Male,Hispanic or Latino,00069,Cedar Mesa,ZZ,Medicaid,Provider SYN-35,0.28
SYN-P-00259,Cameron,Ironwood,1983-12-04,42,Female,White,00025,Maple Ridge,ZZ,Medicaid,Provider SYN-35,0.29
SYN-P-00260,Skyler,Glenbrook,1955-08-08,70,Female,Black or African American,00039,Cedar Mesa,ZZ,Medicare,Provider SYN-24,0.67
SYN-P-00261,Arden,Elmsworth,1977-09-15,48,Female,White,00034,Stonefield,ZZ,Commercial,Provider SYN-34,0.35
SYN-P-00262,Avery,Stonebridge,2002-01-06,23,Female,Hispanic or Latino,00021,Harbor Point,ZZ,Medicaid,Provider SYN-07,0.07
SYN-P-00263,Parker,Brookmere,1975-01-31,50,Male,Other,00068,Maple Ridge,ZZ,Commercial,Provider SYN-28,0.29
SYN-P-00264,Bellamy,Quarrystone,1963-05-07,62,Female,Hispanic or Latino,00036,Northbrook Vale,ZZ,Commercial,Provider SYN-19,0.68
SYN-P-00265,Blake,Cindervale,2017-05-06,8,Male,White,00035,Maple Ridge,ZZ,Commercial,Provider SYN-20,0.17
SYN-P-00266,Dakota,Oakhurst,2004-12-16,21,Female,Hispanic or Latino,00063,Cedar Mesa,ZZ,Self-Pay,Provider SYN-38,0.15
SYN-P-00267,Bellamy,Ironwood,1973-08-01,52,Female,Other,00046,Maple Ridge,ZZ,Self-Pay,Provider SYN-12,0.46
SYN-P-00268,Casey,Oakhurst,1957-04-12,68,Female,Black or African American,00022,Harbor Point,ZZ,Medicare,Provider SYN-17,0.37
SYN-P-00269,Hollis,Stonebridge,1968-05-07,57,Female,White,00061,Maple Ridge,ZZ,Commercial,Provider SYN-15,0.18
SYN-P-00270,Dakota,Dunmore,2000-07-04,25,Female,White,00032,Riverbend Hollow,ZZ,Medicaid,Provider SYN-36,0.08
SYN-P-00271,Jordan,Cindervale,1944-08-15,81,Female,Hispanic or Latino,00051,Cedar Mesa,ZZ,Medicare,Provider SYN-22,0.67
SYN-P-00272,Riley,Ashgrove,1985-01-19,40,Female,White,00046,Cedar Mesa,ZZ,Commercial,Provider SYN-36,0.11
SYN-P-00273,Avery,Ironwood,2015-11-17,10,Female,White,00015,Stonefield,ZZ,Commercial,Provider SYN-29,0.08
SYN-P-00274,Sage,Glenbrook,1946-04-28,79,Female,Asian,00091,Harbor Point,ZZ,Medicare,Provider SYN-24,0.76
SYN-P-00275,Jamie,Pinecrest,1958-04-06,67,Female,Hispanic or Latino,00030,Cedar Mesa,ZZ,Medicare,Provider SYN-27,0.73
SYN-P-00276,Rowan,Ashgrove,1959-04-22,66,Male,White,00053,Northbrook Vale,ZZ,Medicare,Provider SYN-01,0.63
SYN-P-00277,Harper,Quarrystone,1967-07-02,58,Male,White,00031,Northbrook Vale,ZZ,Commercial,Provider SYN-20,0.45
SYN-P-00278,Morgan,Ravensmere,1962-01-23,63,Female,White,00049,Harbor Point,ZZ,Commercial,Provider SYN-26,0.61
SYN-P-00279,Devon,Oakhurst,2004-10-12,21,Female,Black or African American,00086,Stonefield,ZZ,Commercial,Provider SYN-18,0.26
SYN-P-00280,Kendall,Pinecrest,1960-03-30,65,Female,Black or African American,00042,Cedar Mesa,ZZ,Medicare,Provider SYN-22,0.48
SYN-P-00281,Harper,Kestrelton,1990-10-07,35,Female,Hispanic or Latino,00037,Harbor Point,ZZ,Commercial,Provider SYN-15,0.39
SYN-P-00282,Logan,Fernhollow,1961-12-03,64,Female,Hispanic or Latino,00091,Northbrook Vale,ZZ,Commercial,Provider SYN-02,0.19
SYN-P-00283,Sage,Ravensmere,1962-10-08,63,Male,Hispanic or Latino,00062,Cedar Mesa,ZZ,Commercial,Provider SYN-37,0.76
SYN-P-00284,Quinn,Quarrystone,1975-12-25,50,Male,Black or African American,00022,Harbor Point,ZZ,Commercial,Provider SYN-40,0.26
SYN-P-00285,Harper,Kestrelton,1941-05-11,84,Female,White,00073,Stonefield,ZZ,Medicare,Provider SYN-33,0.91
SYN-P-00286,Ellis,Oakhurst,1955-07-15,70,Female,Asian,00056,Riverbend Hollow,ZZ,Medicare,Provider SYN-31,0.37
SYN-P-00287,Quinn,Quarrystone,1995-02-17,30,Male,White,00024,Maple Ridge,ZZ,Medicaid,Provider SYN-27,0.20
SYN-P-00288,Hollis,Larchmont,1953-02-22,72,Male,White,00025,Harbor Point,ZZ,Medicare,Provider SYN-01,0.87
SYN-P-00289,Quinn,Ashgrove,1987-09-04,38,Male,Hispanic or Latino,00082,Riverbend Hollow,ZZ,Commercial,Provider SYN-26,0.24
SYN-P-00290,Arden,Quarrystone,1935-10-27,90,Female,Hispanic or Latino,00083,Cedar Mesa,ZZ,Commercial,Provider SYN-11,0.99
SYN-P-00291,Riley,Elmsworth,2004-04-08,21,Male,Hispanic or Latino,00013,Northbrook Vale,ZZ,Medicaid,Provider SYN-39,0.08
SYN-P-00292,Hollis,Hollowell,2013-09-04,12,Male,Black or African American,00072,Riverbend Hollow,ZZ,Commercial,Provider SYN-24,0.04
SYN-P-00293,Skyler,Hollowell,1991-09-12,34,Male,Asian,00069,Cedar Mesa,ZZ,Medicaid,Provider SYN-17,0.20
SYN-P-00294,Hollis,Northvale,1971-02-19,54,Male,Black or African American,00069,Harbor Point,ZZ,Medicaid,Provider SYN-37,0.39
SYN-P-00295,Avery,Ravensmere,1985-10-23,40,Female,Hispanic or Latino,00010,Maple Ridge,ZZ,Medicaid,Provider SYN-24,0.30
SYN-P-00296,Harper,Ironwood,2002-06-01,23,Male,Hispanic or Latino,00091,Harbor Point,ZZ,Commercial,Provider SYN-39,0.15
SYN-P-00297,Bellamy,Ravensmere,1997-12-08,28,Female,Hispanic or Latino,00081,Stonefield,ZZ,Self-Pay,Provider SYN-05,0.48
SYN-P-00298,Avery,Ravensmere,1988-05-16,37,Male,White,00049,Cedar Mesa,ZZ,Commercial,Provider SYN-38,0.44
SYN-P-00299,Cameron,Larchmont,1965-03-14,60,Male,Two or More Races,00006,Stonefield,ZZ,Medicaid,Provider SYN-35,0.16
SYN-P-00300,Cameron,Ashgrove,1972-08-22,53,Female,White,00070,Cedar Mesa,ZZ,Medicaid,Provider SYN-03,0.35
